"spam_prob","ham_prob","word"
"0.0005120327700972862","0.00011425959780621572","direct"
"0.0005120327700972862","0.0","stumbling"
"0.0005120327700972862","0.0","blocks"
"0.0","0.00011425959780621572","est"
"0.0","0.0014853747714808044","de"
"0.0","0.0","proverbio"
"0.0015360983102918587","0.00034277879341864715","news"
"0.0005120327700972862","0.001256855575868373","snow"
"0.0","0.0","lexemes"
"0.00972862263184844","0.020680987202925046","in"
"0.0","0.0","yup"
"0.0","0.0","ik"
"0.0035842293906810036","0.0","see"
"0.0015360983102918587","0.0","amazing"
"0.0015360983102918587","0.0005712979890310786","world"
"0.0010240655401945725","0.0","record"
"0.006656426011264721","0.0010283363802559415","sex"
"0.0005120327700972862","0.0","ernie"
"0.006656426011264721","0.0005712979890310786","email"
"0.00409626216077829","0.0","million"
"0.002048131080389145","0.00011425959780621572","people"
"0.015873015873015872","0.023080438756855576","for"
"0.0015360983102918587","0.0","find"
"0.00409626216077829","0.00022851919561243144","out"
"0.0005120327700972862","0.0","anything"
"0.0010240655401945725","0.0011425959780621572","about"
"0.0015360983102918587","0.0","anyone"
"0.011776753712237584","0.01930987202925046","on"
"0.02457757296466974","0.010968921389396709","the"
"0.007680491551459293","0.0005712979890310786","internet"
"0.0010240655401945725","0.00022851919561243144","complete"
"0.0030721966205837174","0.0007998171846435101","home"
"0.007680491551459293","0.0","business"
"0.0010240655401945725","0.0","kit"
"0.0","0.0","dag"
"0.0","0.00034277879341864715","proceedings"
"0.005120327700972862","0.02536563071297989","of"
"0.0","0.012225776965265082","workshop"
"0.0","0.0","definites"
"0.0","0.0","designing"
"0.0","0.0007998171846435101","dialects"
"0.0","0.006741316270566728","english"
"0.0","0.0","plus"
"0.0","0.0004570383912248629","resolution"
"0.0","0.0006855575868372943","congress"
"0.024065540194572452","0.0","free"
"0.0035842293906810036","0.0","bulk"
"0.0030721966205837174","0.00034277879341864715","mail"
"0.006144393241167435","0.0014853747714808044","software"
"0.0005120327700972862","0.0","explodes"
"0.01894521249359959","0.00011425959780621572","your"
"0.0","0.0181672760511883","language"
"0.0005120327700972862","0.0010283363802559415","resources"
"0.0","0.0009140767824497258","european"
"0.0","0.0005712979890310786","minority"
"0.0","0.0062842778793418645","languages"
"0.002560163850486431","0.0","life"
"0.0005120327700972862","0.00011425959780621572","without"
"0.002560163850486431","0.0","debt"
"0.0","0.0018281535648994515","linguist"
"0.0","0.0","ician"
"0.014848950332821301","0.005027422303473492","a"
"0.013312852022529442","0.010968921389396709","new"
"0.0","0.0","slant"
"0.0","0.0010283363802559415","machine"
"0.0","0.001256855575868373","learning"
"0.0035842293906810036","0.0022851919561243145","information"
"0.0","0.0","filtering"
"0.0056323604710701485","0.0035420475319926873","at"
"0.0005120327700972862","0.0","politically"
"0.0","0.0","correct"
"0.0","0.008112431444241315","summary"
"0.0","0.00022851919561243144","rain"
"0.0","0.00011425959780621572","falling"
"0.0","0.00011425959780621572","water"
"0.014336917562724014","0.022851919561243144","re"
"0.0030721966205837174","0.0004570383912248629","have"
"0.0","0.00011425959780621572","signs"
"0.0005120327700972862","0.00011425959780621572","music"
"0.0","0.0014853747714808044","society"
"0.0","0.0","vienna"
"0.0","0.009826325411334552","sum"
"0.0","0.0","hold"
"0.0","0.0","compulsion"
"0.0","0.0","existence"
"0.0","0.0","sycopahnt"
"0.010240655401945725","0.026393967093235833","and"
"0.0","0.0004570383912248629","sign"
"0.0","0.00022851919561243144","fig"
"0.0","0.00011425959780621572","sycophant"
"0.0035842293906810036","0.0005712979890310786","more"
"0.0","0.007883912248628885","syntax"
"0.0","0.004456124314442413","comparative"
"0.0","0.002970749542961609","method"
"0.0","0.00022851919561243144","ellipsis"
"0.0","0.00011425959780621572","conjunction"
"0.0005120327700972862","0.0","yours"
"0.013824884792626729","0.004227605118829982","to"
"0.0010240655401945725","0.0","keep"
"0.0056323604710701485","0.0007998171846435101","no"
"0.0010240655401945725","0.0","hard"
"0.0010240655401945725","0.00011425959780621572","work"
"0.006656426011264721","0.0","do"
"0.0010240655401945725","0.0","pass"
"0.004608294930875576","0.0","it"
"0.0015360983102918587","0.0006855575868372943","by"
"0.01228878648233487","0.00034277879341864715","this"
"0.0030721966205837174","0.0004570383912248629","time"
"0.004608294930875576","0.0","money"
"0.0005120327700972862","0.0","maker"
"0.0035842293906810036","0.0009140767824497258","e"
"0.0010240655401945725","0.0","service"
"0.0015360983102918587","0.00011425959780621572","name"
"0.0","0.0007998171846435101","fwd"
"0.0","0.0","cantonese"
"0.0","0.00011425959780621572","bilingual"
"0.0","0.0023994515539305303","research"
"0.0","0.0","associate"
"0.0005120327700972862","0.0011425959780621572","correction"
"0.0","0.00011425959780621572","hellenistic"
"0.0","0.0006855575868372943","greek"
"0.0","0.005827239488117002","announcement"
"0.0","0.0","both"
"0.0","0.00011425959780621572","diachronica"
"0.0005120327700972862","0.0019424131627056673","special"
"0.0015360983102918587","0.0062842778793418645","book"
"0.0030721966205837174","0.00011425959780621572","offer"
"0.00409626216077829","0.002056672760511883","from"
"0.0005120327700972862","0.0","americana"
"0.0005120327700972862","0.0","enterprizes"
"0.0005120327700972862","0.0","share"
"0.0035842293906810036","0.00034277879341864715","we"
"0.0005120327700972862","0.0","purchase"
"0.0005120327700972862","0.0","uncollected"
"0.0005120327700972862","0.00011425959780621572","judgments"
"0.0030721966205837174","0.0","go"
"0.0010240655401945725","0.0","speedracer"
"0.0005120327700972862","0.00022851919561243144","use"
"0.0005120327700972862","0.00011425959780621572","hypnosis"
"0.002048131080389145","0.0","make"
"0.0","0.0007998171846435101","n"
"0.0","0.0006855575868372943","v"
"0.0","0.00034277879341864715","verbal"
"0.0","0.0","compounding"
"0.002048131080389145","0.0009140767824497258","i"
"0.0010240655401945725","0.0","lost"
"0.0005120327700972862","0.0","pounds"
"0.0005120327700972862","0.0","weeks"
"0.002048131080389145","0.0","so"
"0.0005120327700972862","0.00022851919561243144","could"
"0.023553507424475168","0.00022851919561243144","you"
"0.0","0.00011425959780621572","rightward"
"0.0","0.00011425959780621572","movement"
"0.0005120327700972862","0.004227605118829982","review"
"0.0","0.0004570383912248629","ii"
"0.00409626216077829","0.0004570383912248629","how"
"0.0005120327700972862","0.00022851919561243144","through"
"0.0005120327700972862","0.0004570383912248629","body"
"0.0005120327700972862","0.00034277879341864715","mind"
"0.0010240655401945725","0.00022851919561243144","f"
"0.0015360983102918587","0.0004570383912248629","r"
"0.0005120327700972862","0.0","b"
"0.0015360983102918587","0.0009140767824497258","s"
"0.0015360983102918587","0.0004570383912248629","t"
"0.0010240655401945725","0.0","teen"
"0.0015360983102918587","0.0","hardcore"
"0.0","0.00011425959780621572","ot"
"0.0","0.0007998171846435101","programme"
"0.0","0.00011425959780621572","tilburg"
"0.0","0.011654478976234004","conference"
"0.002048131080389145","0.0006855575868372943","one"
"0.0015360983102918587","0.00011425959780621572","very"
"0.0015360983102918587","0.0","affordable"
"0.002048131080389145","0.0","dental"
"0.0010240655401945725","0.0009140767824497258","computer"
"0.0005120327700972862","0.0","workers"
"0.0010240655401945725","0.0007998171846435101","needed"
"0.004608294930875576","0.0","now"
"0.0010240655401945725","0.0","holiday"
"0.0005120327700972862","0.0","florida"
"0.0005120327700972862","0.00011425959780621572","low"
"0.0010240655401945725","0.00022851919561243144","rate"
"0.002048131080389145","0.0","phone"
"0.0005120327700972862","0.0","card"
"0.0005120327700972862","0.0","giveaway"
"0.0005120327700972862","0.0","week"
"0.0005120327700972862","0.0","access"
"0.0","0.0","icehl"
"0.0","0.001256855575868373","annual"
"0.0","0.00011425959780621572","cuny"
"0.0","0.001256855575868373","human"
"0.0","0.00011425959780621572","sentence"
"0.0","0.0010283363802559415","processing"
"0.0","0.0","ichl"
"0.0","0.00011425959780621572","manchester"
"0.0","0.00011425959780621572","august"
"0.0","0.0","paclic"
"0.0","0.00022851919561243144","scandinavian"
"0.0005120327700972862","0.0013711151736745886","linguists"
"0.0","0.001256855575868373","germanic"
"0.0005120327700972862","0.0006855575868372943","m"
"0.0005120327700972862","0.0","clean"
"0.0015360983102918587","0.00022851919561243144","addresses"
"0.0005120327700972862","0.002856489945155393","international"
"0.0010240655401945725","0.0","futuresignals"
"0.005120327700972862","0.0","get"
"0.0010240655401945725","0.0","rocks"
"0.0015360983102918587","0.00011425959780621572","off"
"0.0015360983102918587","0.0","tonight"
"0.0","0.0","nic"
"0.0","0.0022851919561243145","symposium"
"0.0035842293906810036","0.0005712979890310786","who"
"0.011776753712237584","0.00034277879341864715","is"
"0.0","0.00022851919561243144","tls"
"0.0","0.0","exploring"
"0.0","0.00011425959780621572","boundaries"
"0.0","0.00022851919561243144","between"
"0.0","0.002056672760511883","phonetics"
"0.0","0.004227605118829982","phonology"
"0.0","0.00022851919561243144","genetic"
"0.0","0.0","evolutionary"
"0.0","0.00022851919561243144","computation"
"0.0","0.002742230347349177","conf"
"0.0","0.0022851919561243145","cognitive"
"0.0","0.0017138939670932358","science"
"0.0","0.0007998171846435101","np"
"0.0","0.0007998171846435101","jobs"
"0.0","0.0","zealand"
"0.0005120327700972862","0.0011425959780621572","asian"
"0.0010240655401945725","0.0","girls"
"0.0010240655401945725","0.00011425959780621572","day"
"0.0005120327700972862","0.0017138939670932358","university"
"0.0","0.0","wisconsin"
"0.0","0.0","milwaukee"
"0.0","0.021138025594149908","linguistics"
"0.0","0.00034277879341864715","acm"
"0.0005120327700972862","0.00034277879341864715","digital"
"0.0","0.00011425959780621572","libraries"
"0.0","0.0034277879341864715","computational"
"0.0","0.0011425959780621572","colloquium"
"0.002048131080389145","0.01496800731261426","call"
"0.0","0.008340950639853748","papers"
"0.0","0.0004570383912248629","dgfs"
"0.0","0.0011425959780621572","meeting"
"0.0","0.0030850091407678246","cfp"
"0.0","0.0","ijhcs"
"0.0","0.0018281535648994515","issue"
"0.0","0.0","kruse"
"0.0","0.0005712979890310786","knowledge"
"0.0","0.0005712979890310786","retrieval"
"0.0","0.00011425959780621572","storage"
"0.0","0.0","flexible"
"0.0","0.0","hypertext"
"0.0","0.00011425959780621572","hispanic"
"0.0","0.0","lingusitic"
"0.0","0.0007998171846435101","intl"
"0.0","0.0006855575868372943","bilingualism"
"0.0","0.00011425959780621572","contragram"
"0.0010240655401945725","0.0013711151736745886","www"
"0.0005120327700972862","0.0022851919561243145","acquisition"
"0.0","0.00022851919561243144","interlinguas"
"0.0","0.00022851919561243144","ws"
"0.0","0.0021709323583180987","chomsky"
"0.0","0.0014853747714808044","citations"
"0.0","0.0005712979890310786","citation"
"0.002048131080389145","0.0","unlimited"
"0.0010240655401945725","0.0","cash"
"0.002560163850486431","0.0","millions"
"0.0015360983102918587","0.00022851919561243144","did"
"0.0","0.00022851919561243144","end"
"0.0015360983102918587","0.0005712979890310786","up"
"0.002048131080389145","0.00034277879341864715","please"
"0.0","0.0","respond"
"0.0015360983102918587","0.00022851919561243144","cd"
"0.0","0.00011425959780621572","rom"
"0.0","0.0","mispased"
"0.0","0.00011425959780621572","idioms"
"0.0030721966205837174","0.0","hi"
"0.0","0.00011425959780621572","poznan"
"0.0","0.0035420475319926873","linguistic"
"0.0","0.0","circular"
"0.0","0.0","linguistisches"
"0.0","0.0","kolloquium"
"0.0","0.00011425959780621572","kassel"
"0.0","0.00011425959780621572","interdisciplinary"
"0.0","0.0","emnlp"
"0.0","0.00022851919561243144","maintenance"
"0.0005120327700972862","0.00034277879341864715","loss"
"0.0","0.00011425959780621572","langs"
"0.0","0.0","internationale"
"0.0","0.0","arbeitstagung"
"0.0","0.0","computereinsatz"
"0.0","0.0","der"
"0.0","0.0004570383912248629","grammatical"
"0.0","0.00011425959780621572","inference"
"0.0","0.0","icgl"
"0.0","0.0","nottingham"
"0.0","0.00022851919561243144","systemic"
"0.005120327700972862","0.0006855575868372943","or"
"0.002048131080389145","0.00011425959780621572","better"
"0.0010240655401945725","0.0","returns"
"0.0010240655401945725","0.0","return"
"0.0010240655401945725","0.0","investment"
"0.0","0.00011425959780621572","conceptual"
"0.0","0.00022851919561243144","structures"
"0.0","0.0004570383912248629","african"
"0.0","0.0","wollic"
"0.0","0.00034277879341864715","species"
"0.0","0.0004570383912248629","policy"
"0.0","0.0023994515539305303","german"
"0.0","0.00022851919561243144","affricates"
"0.0005120327700972862","0.001256855575868373","summer"
"0.0","0.0011425959780621572","school"
"0.0","0.0006855575868372943","typology"
"0.0","0.0","mainz"
"0.0","0.00034277879341864715","int"
"0.0","0.0004570383912248629","parsing"
"0.0","0.0","technologies"
"0.0","0.0004570383912248629","preliminary"
"0.0","0.00034277879341864715","social"
"0.0","0.0004570383912248629","communication"
"0.0","0.00022851919561243144","cuba"
"0.0","0.00011425959780621572","large"
"0.0","0.0006855575868372943","corpora"
"0.0","0.0","nlg"
"0.0","0.0","bit"
"0.0","0.00022851919561243144","characters"
"0.0","0.0009140767824497258","functional"
"0.0","0.0031992687385740404","grammar"
"0.0","0.0","seals"
"0.0","0.0","kuala"
"0.0","0.0","lumpur"
"0.0","0.00022851919561243144","spring"
"0.0005120327700972862","0.005827239488117002","job"
"0.0","0.0","nunn"
"0.0","0.0005712979890310786","dutch"
"0.0","0.00011425959780621572","orthography"
"0.0","0.0","bella"
"0.0","0.0","coola"
"0.002048131080389145","0.00022851919561243144","great"
"0.002560163850486431","0.00034277879341864715","opportunity"
"0.006144393241167435","0.0","just"
"0.0005120327700972862","0.00022851919561243144","any"
"0.0","0.00034277879341864715","other"
"0.0","0.0","consulting"
"0.0","0.0","assignment"
"0.0","0.00034277879341864715","minimalist"
"0.0","0.00011425959780621572","approach"
"0.0","0.0","intrasentential"
"0.0","0.00011425959780621572","code"
"0.0","0.00011425959780621572","switching"
"0.0","0.0","jeff"
"0.0","0.0","macswan"
"0.0005120327700972862","0.0","beginning"
"0.0","0.00011425959780621572","multidisciplinary"
"0.0","0.0","periodical"
"0.0","0.00011425959780621572","comments"
"0.0005120327700972862","0.0","weight"
"0.0005120327700972862","0.0","patch"
"0.0005120327700972862","0.00011425959780621572","north"
"0.0015360983102918587","0.00011425959780621572","america"
"0.0005120327700972862","0.0","print"
"0.0005120327700972862","0.00011425959780621572","form"
"0.0005120327700972862","0.00011425959780621572","reply"
"0.0005120327700972862","0.0","fax"
"0.0015360983102918587","0.0009140767824497258","info"
"0.002560163850486431","0.00022851919561243144","our"
"0.0005120327700972862","0.0","minute"
"0.0015360983102918587","0.00034277879341864715","line"
"0.0010240655401945725","0.0","personal"
"0.0010240655401945725","0.0","message"
"0.0015360983102918587","0.0","trial"
"0.0015360983102918587","0.0","membership"
"0.0","0.0005712979890310786","question"
"0.0","0.0","ssc"
"0.0","0.00022851919561243144","semiotic"
"0.0005120327700972862","0.0","view"
"0.0030721966205837174","0.0","win"
"0.0","0.00011425959780621572","dos"
"0.0","0.0","musement"
"0.0","0.0013711151736745886","second"
"0.0","0.0007998171846435101","writing"
"0.0","0.0021709323583180987","theory"
"0.0","0.0","predicates"
"0.0010240655401945725","0.0","unique"
"0.0010240655401945725","0.0","advertisement"
"0.0010240655401945725","0.00011425959780621572","vacation"
"0.0","0.0004570383912248629","text"
"0.0","0.0015996343692870202","speech"
"0.0","0.00022851919561243144","dialog"
"0.0","0.0","tsd"
"0.002048131080389145","0.0","they"
"0.002560163850486431","0.00022851919561243144","can"
"0.0010240655401945725","0.00011425959780621572","even"
"0.0010240655401945725","0.0","steal"
"0.0010240655401945725","0.0","identity"
"0.0005120327700972862","0.0","tri"
"0.0005120327700972862","0.0","p"
"0.0005120327700972862","0.0","arround"
"0.0005120327700972862","0.0","wor"
"0.0","0.0","aaai"
"0.0","0.00034277879341864715","fall"
"0.0","0.0","symoposium"
"0.0","0.0","formalizing"
"0.0","0.001256855575868373","context"
"0.0","0.0","aaal"
"0.0","0.0022851919561243145","translation"
"0.002560163850486431","0.0","released"
"0.0","0.00022851919561243144","aaas"
"0.002048131080389145","0.00011425959780621572","family"
"0.0015360983102918587","0.0","care"
"0.0","0.00022851919561243144","h"
"0.0","0.00022851919561243144","tuttle"
"0.0","0.0","sumary"
"0.0","0.00011425959780621572","accents"
"0.0","0.0","linguistnet"
"0.0","0.0","classroom"
"0.0005120327700972862","0.0","accept"
"0.0035842293906810036","0.0","credit"
"0.0005120327700972862","0.0","cards"
"0.0005120327700972862","0.0","watch"
"0.0015360983102918587","0.0","sales"
"0.0010240655401945725","0.0","skyrocket"
"0.0","0.0","acceptability"
"0.0","0.0005712979890310786","adjectives"
"0.0","0.0","accuracy"
"0.0","0.0009140767824497258","historical"
"0.0","0.00022851919561243144","reconstruction"
"0.0","0.0011425959780621572","acl"
"0.0","0.001256855575868373","association"
"0.0","0.0009140767824497258","proposals"
"0.0","0.00011425959780621572","theme"
"0.0","0.0030850091407678246","final"
"0.0","0.0","translingual"
"0.0","0.00011425959780621572","management"
"0.0","0.00011425959780621572","sac"
"0.0","0.00034277879341864715","track"
"0.0","0.00011425959780621572","coordination"
"0.0","0.0005712979890310786","multimedia"
"0.0","0.00011425959780621572","indexing"
"0.0","0.00011425959780621572","reflexive"
"0.0","0.00022851919561243144","verbs"
"0.002048131080389145","0.00011425959780621572","ad"
"0.0005120327700972862","0.0","increase"
"0.0010240655401945725","0.00011425959780621572","stop"
"0.0005120327700972862","0.0","pain"
"0.002048131080389145","0.0","fast"
"0.0","0.0","adcs"
"0.0","0.00011425959780621572","addendum"
"0.0","0.0","coston"
"0.0","0.00011425959780621572","object"
"0.0","0.00022851919561243144","affixes"
"0.0030721966205837174","0.0","capital"
"0.0030721966205837174","0.0","fm"
"0.0005120327700972862","0.0010283363802559415","address"
"0.0005120327700972862","0.0013711151736745886","change"
"0.0","0.0","changement"
"0.0","0.00011425959780621572","d"
"0.0","0.0","adresse"
"0.0","0.0","john"
"0.0","0.0","thayer"
"0.0","0.0","jensen"
"0.0","0.0009140767824497258","terminology"
"0.002560163850486431","0.0","adult"
"0.0005120327700972862","0.0","viva"
"0.0005120327700972862","0.0004570383912248629","la"
"0.0005120327700972862","0.0","revolution"
"0.002048131080389145","0.0","adults"
"0.0005120327700972862","0.0","onlyhottest"
"0.0005120327700972862","0.0","everall"
"0.0005120327700972862","0.0","lines"
"0.0005120327700972862","0.0","unsencored"
"0.0035842293906810036","0.0","adv"
"0.0010240655401945725","0.0","small"
"0.0005120327700972862","0.0","owner"
"0.0005120327700972862","0.0","download"
"0.0005120327700972862","0.00011425959780621572","register"
"0.0030721966205837174","0.0005712979890310786","web"
"0.005120327700972862","0.00022851919561243144","site"
"0.002048131080389145","0.00011425959780621572","over"
"0.0010240655401945725","0.00022851919561243144","search"
"0.0005120327700972862","0.0","engines"
"0.0005120327700972862","0.0","instanly"
"0.0010240655401945725","0.0","instant"
"0.0010240655401945725","0.0","publisher"
"0.0005120327700972862","0.00034277879341864715","press"
"0.0005120327700972862","0.00011425959780621572","release"
"0.0010240655401945725","0.0","earn"
"0.0005120327700972862","0.00022851919561243144","next"
"0.0010240655401945725","0.00022851919561243144","days"
"0.0005120327700972862","0.00011425959780621572","works"
"0.0005120327700972862","0.0","paid"
"0.0005120327700972862","0.0","surf"
"0.0010240655401945725","0.0","net"
"0.0005120327700972862","0.0","pristine"
"0.0005120327700972862","0.0","remote"
"0.0005120327700972862","0.0","wilderness"
"0.0005120327700972862","0.0","acreage"
"0.0010240655401945725","0.0","advertise"
"0.0005120327700972862","0.0","advertsing"
"0.0005120327700972862","0.0","its"
"0.0010240655401945725","0.00011425959780621572","legal"
"0.0005120327700972862","0.0","smtp"
"0.0","0.0","afar"
"0.0","0.0","affirmative"
"0.0","0.0","o"
"0.0","0.0","segment"
"0.0005120327700972862","0.0004570383912248629","two"
"0.0","0.00011425959780621572","southern"
"0.0","0.00011425959780621572","africa"
"0.0","0.00011425959780621572","afro"
"0.0","0.00011425959780621572","asiatic"
"0.0","0.00011425959780621572","aiml"
"0.0","0.0015996343692870202","participation"
"0.0010240655401945725","0.0","secret"
"0.0","0.0","sheffield"
"0.0","0.0006855575868372943","registration"
"0.0","0.0","con"
"0.0","0.0","tut"
"0.0","0.00011425959780621572","alt"
"0.0","0.00034277879341864715","iii"
"0.0005120327700972862","0.0","health"
"0.0005120327700972862","0.0","benefits"
"0.0005120327700972862","0.0","green"
"0.0005120327700972862","0.0","tea"
"0.0005120327700972862","0.0","revealed"
"0.0","0.0014853747714808044","american"
"0.0","0.0006855575868372943","dialect"
"0.0","0.002970749542961609","journal"
"0.0","0.0","amlap"
"0.0","0.0006855575868372943","abstracts"
"0.0","0.0","amsterdam"
"0.0","0.00034277879341864715","series"
"0.0","0.0006855575868372943","child"
"0.0","0.00022851919561243144","development"
"0.0010240655401945725","0.0013711151736745886","vol"
"0.0","0.00011425959780621572","amta"
"0.0","0.00011425959780621572","embedded"
"0.0","0.0006855575868372943","mt"
"0.0","0.0014853747714808044","systems"
"0.002560163850486431","0.00011425959780621572","live"
"0.0015360983102918587","0.00011425959780621572","video"
"0.0","0.0015996343692870202","analysis"
"0.0","0.0","rap"
"0.0","0.0004570383912248629","data"
"0.0005120327700972862","0.0","analysts"
"0.0005120327700972862","0.00022851919561243144","choose"
"0.0005120327700972862","0.0","adlu"
"0.0005120327700972862","0.0","microcap"
"0.0005120327700972862","0.0","bestock"
"0.0005120327700972862","0.0","pick"
"0.002048131080389145","0.0","visit"
"0.002560163850486431","0.00022851919561243144","us"
"0.0010240655401945725","0.0","tropics"
"0.0","0.00022851919561243144","anaphora"
"0.0","0.00011425959780621572","ancient"
"0.0","0.0","vocal"
"0.0","0.0","tract"
"0.0","0.0","simulation"
"0.0005120327700972862","0.0","angels"
"0.0005120327700972862","0.0","sent"
"0.0005120327700972862","0.0","serve"
"0.0005120327700972862","0.0","mankind"
"0.0","0.0","anglicization"
"0.0","0.0","composers"
"0.0","0.0006855575868372943","names"
"0.0","0.0","anglo"
"0.0","0.0023994515539305303","studies"
"0.0","0.0","announce"
"0.0005120327700972862","0.0004570383912248629","mac"
"0.0","0.00011425959780621572","common"
"0.0","0.00011425959780621572","lisp"
"0.0010240655401945725","0.0","http"
"0.0","0.00022851919561243144","server"
"0.0","0.0","beta"
"0.0","0.0","follows"
"0.0","0.0004570383912248629","opening"
"0.0","0.0","universite"
"0.0","0.0","geneve"
"0.0","0.0","announcing"
"0.0","0.0","rifra"
"0.0","0.0","announcment"
"0.0","0.0005712979890310786","j"
"0.0","0.0","flege"
"0.0","0.00011425959780621572","gldv"
"0.0","0.0007998171846435101","anthropological"
"0.0","0.0","antipassive"
"0.0","0.0","sumerologists"
"0.0010240655401945725","0.00011425959780621572","there"
"0.0","0.0","ape"
"0.0","0.0","apocryphal"
"0.0","0.0","structuralist"
"0.0","0.0","assertions"
"0.0","0.00022851919561243144","appel"
"0.0","0.0019424131627056673","applied"
"0.0","0.0013711151736745886","teaching"
"0.0","0.0005712979890310786","foreign"
"0.0","0.0018281535648994515","position"
"0.0005120327700972862","0.00011425959780621572","april"
"0.0005120327700972862","0.0","vip"
"0.002560163850486431","0.0","specials"
"0.0005120327700972862","0.0","legend"
"0.0005120327700972862","0.0","micro"
"0.0010240655401945725","0.0","inc"
"0.0","0.00034277879341864715","arabic"
"0.0","0.0","socitey"
"0.0005120327700972862","0.0031992687385740404","program"
"0.002048131080389145","0.0022851919561243145","are"
"0.0","0.0","most"
"0.0010240655401945725","0.0","serious"
"0.0010240655401945725","0.00034277879341864715","future"
"0.0","0.0","arizona"
"0.0030721966205837174","0.0","profit"
"0.0","0.00011425959780621572","armenian"
"0.0","0.002513711151736746","ling"
"0.0","0.00011425959780621572","articulatory"
"0.0","0.0","sinthesizer"
"0.0","0.00034277879341864715","artificial"
"0.0","0.00022851919561243144","intelligence"
"0.0005120327700972862","0.0009140767824497258","as"
"0.002048131080389145","0.0","requested"
"0.0010240655401945725","0.00011425959780621572","samples"
"0.0","0.00034277879341864715","asia"
"0.0","0.0","pacific"
"0.0","0.00011425959780621572","translators"
"0.0","0.0","editors"
"0.0","0.00011425959780621572","asl"
"0.0","0.0005712979890310786","dictionary"
"0.0","0.00011425959780621572","asllrp"
"0.0","0.00011425959780621572","signstream"
"0.0","0.0004570383912248629","aspects"
"0.0","0.0","atelier"
"0.0","0.0","des"
"0.0","0.0","doctorants"
"0.0","0.00034277879341864715","linguistique"
"0.0","0.0","adl"
"0.0","0.0","athapaskan"
"0.0005120327700972862","0.0","attract"
"0.0015360983102918587","0.00034277879341864715","women"
"0.0005120327700972862","0.0","attraction"
"0.0","0.0","augias"
"0.0","0.0","aum"
"0.0","0.0","shinri"
"0.0","0.0","kyo"
"0.0","0.00011425959780621572","ausschreibung"
"0.0","0.00011425959780621572","professur"
"0.0","0.0","universitaet"
"0.0","0.0","heidelberg"
"0.0","0.00034277879341864715","australian"
"0.0","0.00011425959780621572","national"
"0.0005120327700972862","0.0","place"
"0.0","0.00034277879341864715","project"
"0.0","0.0","fellow"
"0.0","0.00011425959780621572","austronesian"
"0.0005120327700972862","0.0","auto"
"0.0010240655401945725","0.0","insurance"
"0.0005120327700972862","0.0","rates"
"0.0005120327700972862","0.0","too"
"0.0010240655401945725","0.00022851919561243144","high"
"0.0","0.0","autoantonyms"
"0.0","0.00022851919561243144","autumn"
"0.0","0.0006855575868372943","avail"
"0.0","0.005255941499085923","semantics"
"0.0","0.00011425959780621572","mon"
"0.0","0.00011425959780621572","khmer"
"0.0","0.0","adverbs"
"0.0","0.00022851919561243144","binding"
"0.0","0.0","events"
"0.0","0.00022851919561243144","objects"
"0.0","0.0","dong"
"0.0","0.00011425959780621572","interpreting"
"0.0","0.00022851919561243144","prosody"
"0.0005120327700972862","0.002056672760511883","available"
"0.0","0.0023994515539305303","discourse"
"0.0","0.00011425959780621572","vietnamese"
"0.0","0.00011425959780621572","kpelle"
"0.0","0.00011425959780621572","massaro"
"0.0","0.001256855575868373","lexical"
"0.0","0.00022851919561243144","database"
"0.0","0.0006855575868372943","case"
"0.0","0.0023994515539305303","pragmatics"
"0.0","0.0004570383912248629","optimality"
"0.0","0.0","disorders"
"0.0","0.0013711151736745886","morphology"
"0.0","0.0","awali"
"0.0","0.0","axiomatic"
"0.0","0.0","baal"
"0.0","0.0","prize"
"0.0005120327700972862","0.0","bad"
"0.0","0.0","baltics"
"0.0","0.0","bangani"
"0.0","0.0","base"
"0.0","0.0","generated"
"0.0","0.00034277879341864715","adjuncts"
"0.0","0.0005712979890310786","basic"
"0.0","0.0005712979890310786","course"
"0.0","0.00011425959780621572","neurolinguistics"
"0.0","0.0","journals"
"0.0","0.0009140767824497258","word"
"0.0","0.00034277879341864715","order"
"0.0005120327700972862","0.0","beat"
"0.0005120327700972862","0.0","irs"
"0.0005120327700972862","0.0","become"
"0.0005120327700972862","0.0007998171846435101","an"
"0.0005120327700972862","0.0","certified"
"0.002048131080389145","0.00011425959780621572","pc"
"0.0005120327700972862","0.0","technicia"
"0.0","0.00011425959780621572","becoming"
"0.006144393241167435","0.0","best"
"0.0005120327700972862","0.0","elimination"
"0.0005120327700972862","0.0","demo"
"0.0010240655401945725","0.0","gift"
"0.0005120327700972862","0.0","kept"
"0.002560163850486431","0.0","secrets"
"0.0005120327700972862","0.0","finally"
"0.0005120327700972862","0.0","exposedwhat"
"0.0005120327700972862","0.0","stores"
"0.0030721966205837174","0.0","want"
"0.00409626216077829","0.0","know"
"0.002048131080389145","0.0023994515539305303","that"
"0.0005120327700972862","0.0","well"
"0.0005120327700972862","0.0","made"
"0.0005120327700972862","0.0","beyond"
"0.0","0.00011425959780621572","bgs"
"0.0","0.0","biographies"
"0.0","0.00011425959780621572","bisfai"
"0.0","0.0013711151736745886","deadline"
"0.0","0.00022851919561243144","extension"
"0.0","0.0","bloomfield"
"0.0","0.0","bls"
"0.0","0.0014853747714808044","corpus"
"0.0","0.0","introduction"
"0.0","0.0","ferdinand"
"0.0","0.0","saussure"
"0.0","0.0","curs"
"0.0","0.0","lingvistica"
"0.0","0.0","generala"
"0.0","0.0013711151736745886","nlp"
"0.0","0.00022851919561243144","using"
"0.0","0.0","prolog"
"0.0","0.00011425959780621572","intonation"
"0.0","0.0","thomas"
"0.0","0.0","barthel"
"0.002560163850486431","0.0","submit"
"0.0010240655401945725","0.0","definitely"
"0.0","0.0","classics"
"0.0","0.0","reissued"
"0.0","0.00034277879341864715","notice"
"0.0015360983102918587","0.0017138939670932358","list"
"0.0","0.00011425959780621572","labelled"
"0.0","0.00011425959780621572","deduction"
"0.0","0.0","sed"
"0.0","0.0","awk"
"0.0","0.0","cheng"
"0.0","0.00011425959780621572","wh"
"0.0","0.00022851919561243144","questions"
"0.0","0.00011425959780621572","reviewers"
"0.0005120327700972862","0.00022851919561243144","wanted"
"0.005120327700972862","0.0","capitalfm"
"0.005120327700972862","0.0","com"
"0.0010240655401945725","0.004913162705667276","books"
"0.0005120327700972862","0.00034277879341864715","survey"
"0.0","0.00011425959780621572","pidgins"
"0.0","0.00011425959780621572","creoles"
"0.0","0.0","oceanic"
"0.0","0.00011425959780621572","uralic"
"0.0","0.00011425959780621572","articles"
"0.0","0.0007998171846435101","latin"
"0.0015360983102918587","0.0","wholesale"
"0.0010240655401945725","0.0","club"
"0.0010240655401945725","0.0015996343692870202","history"
"0.0","0.0004570383912248629","written"
"0.0","0.00011425959780621572","literacy"
"0.0","0.0","braille"
"0.0","0.0015996343692870202","ipa"
"0.0","0.00022851919561243144","brazilian"
"0.0","0.0","ebicc"
"0.0","0.00034277879341864715","british"
"0.0","0.0004570383912248629","vs"
"0.0","0.00011425959780621572","bu"
"0.0","0.002056672760511883","lang"
"0.0","0.0","dev"
"0.0005120327700972862","0.0","build"
"0.0010240655401945725","0.0021709323583180987","own"
"0.0005120327700972862","0.0","calbe"
"0.002048131080389145","0.0","tv"
"0.0015360983102918587","0.0","descrambler"
"0.0015360983102918587","0.0009140767824497258","with"
"0.00409626216077829","0.0011425959780621572","only"
"0.0005120327700972862","0.00034277879341864715","parts"
"0.0","0.00011425959780621572","bulgarian"
"0.0","0.00011425959780621572","classes"
"0.0010240655401945725","0.00011425959780621572","u"
"0.0005120327700972862","0.0","mailin"
"0.0005120327700972862","0.0","bulletproof"
"0.0005120327700972862","0.0","hosting"
"0.0005120327700972862","0.0","per"
"0.0005120327700972862","0.00011425959780621572","month"
"0.0","0.0","burmese"
"0.0005120327700972862","0.0","loans"
"0.0005120327700972862","0.0","leasing"
"0.0005120327700972862","0.00011425959780621572","equipment"
"0.0","0.0005712979890310786","c"
"0.0","0.00011425959780621572","insertion"
"0.0","0.0","james"
"0.0","0.0","huang"
"0.0015360983102918587","0.0","cable"
"0.0005120327700972862","0.0","decsrambler"
"0.0","0.0","cahiers"
"0.0","0.0","asie"
"0.0","0.0","orientale"
"0.0","0.0","cal"
"0.0","0.00034277879341864715","extended"
"0.0","0.00011425959780621572","csdl"
"0.0","0.00011425959780621572","field"
"0.0","0.00034277879341864715","reports"
"0.0","0.0007998171846435101","endangered"
"0.0","0.00011425959780621572","lgs"
"0.0","0.00011425959780621572","lsa"
"0.0","0.0009140767824497258","generative"
"0.0","0.00022851919561243144","glow"
"0.0","0.0005712979890310786","approaches"
"0.0","0.00011425959780621572","lit"
"0.0","0.0","lowlands"
"0.0005120327700972862","0.00034277879341864715","l"
"0.0","0.0004570383912248629","discussion"
"0.0","0.0","neural"
"0.0","0.0","symbolic"
"0.0","0.00011425959780621572","nystesol"
"0.0","0.0","winter"
"0.0","0.0017138939670932358","spanish"
"0.0","0.0005712979890310786","contact"
"0.0","0.00022851919561243144","texas"
"0.0","0.00034277879341864715","syntactic"
"0.0","0.0","listserve"
"0.0","0.00011425959780621572","contributions"
"0.0","0.00022851919561243144","post"
"0.0","0.0","programming"
"0.0","0.0","jengl"
"0.0","0.0","rocling"
"0.0","0.0","publier"
"0.0","0.0","mexico"
"0.0","0.00022851919561243144","lagb"
"0.0","0.00011425959780621572","prehistory"
"0.0","0.0005712979890310786","south"
"0.0","0.00022851919561243144","session"
"0.0","0.00034277879341864715","mla"
"0.0","0.0","panel"
"0.0","0.0","telephone"
"0.0","0.00022851919561243144","calls"
"0.0","0.0","communist"
"0.0","0.00022851919561243144","rochebrune"
"0.0","0.00034277879341864715","url"
"0.0010240655401945725","0.0","me"
"0.0","0.00011425959780621572","optionality"
"0.0","0.0","weisgerber"
"0.0","0.00022851919561243144","indigenous"
"0.0","0.0","wail"
"0.0010240655401945725","0.0","lucky"
"0.0","0.0005712979890310786","canadian"
"0.0","0.00011425959780621572","assoc"
"0.0","0.0","immersion"
"0.0","0.00011425959780621572","teachers"
"0.0","0.0","carnie"
"0.0","0.0","linguistlist"
"0.0","0.0","org"
"0.0","0.0","cartoons"
"0.0","0.00011425959780621572","marking"
"0.0","0.0","genitive"
"0.0","0.0","locatives"
"0.0","0.0","causal"
"0.0","0.0","connectives"
"0.0","0.0","presuppositions"
"0.0","0.0","luuk"
"0.0","0.0","lagerwerf"
"0.0","0.0","ccall"
"0.0","0.0","celao"
"0.0","0.0","celiac"
"0.0","0.0","oaxaca"
"0.0","0.0013711151736745886","native"
"0.0","0.00034277879341864715","celtic"
"0.0","0.0","central"
"0.0","0.0005712979890310786","japan"
"0.0","0.00022851919561243144","education"
"0.0","0.00011425959780621572","ceth"
"0.0","0.0004570383912248629","seminar"
"0.0005120327700972862","0.00011425959780621572","electronic"
"0.0","0.0013711151736745886","texts"
"0.0","0.0004570383912248629","humanities"
"0.0","0.0004570383912248629","recent"
"0.0","0.0","advances"
"0.0","0.0","eamt"
"0.0","0.0","geneva"
"0.0","0.00022851919561243144","edinburgh"
"0.0","0.00034277879341864715","sept"
"0.0","0.0","foundation"
"0.0","0.0","langages"
"0.0","0.0","icsnl"
"0.0","0.0007998171846435101","literature"
"0.0005120327700972862","0.0","collection"
"0.0","0.00011425959780621572","spatial"
"0.0","0.00011425959780621572","expressions"
"0.0","0.00011425959780621572","intelligent"
"0.0","0.00011425959780621572","integration"
"0.0","0.0","during"
"0.0","0.0","ecai"
"0.0","0.0","spoken"
"0.0","0.0","generation"
"0.0","0.00034277879341864715","multimodal"
"0.0","0.0","cgsw"
"0.0","0.00011425959780621572","updated"
"0.0","0.0","chamito"
"0.0","0.0004570383912248629","semitic"
"0.0","0.00022851919561243144","changes"
"0.0","0.0","chechen"
"0.0015360983102918587","0.0","check"
"0.0005120327700972862","0.0","worth"
"0.0005120327700972862","0.0","look"
"0.0","0.00011425959780621572","chess"
"0.0","0.0","endgame"
"0.0","0.00011425959780621572","chicago"
"0.0","0.0","chiphon"
"0.0","0.0","acquistion"
"0.0","0.00011425959780621572","forum"
"0.0","0.0018281535648994515","chinese"
"0.0","0.0","oriental"
"0.0","0.00011425959780621572","dialectology"
"0.0","0.0033135283363802557","words"
"0.0","0.0","luo"
"0.0","0.0","changpei"
"0.0","0.0","rhymes"
"0.0015360983102918587","0.0005712979890310786","help"
"0.0","0.00011425959780621572","romanization"
"0.0","0.0","gwoyeu"
"0.0","0.0","romatzyh"
"0.0","0.0","article"
"0.0","0.0","mandeville"
"0.0","0.0","paradox"
"0.0","0.0","cilca"
"0.0","0.00011425959780621572","vii"
"0.0","0.0","cimca"
"0.0","0.00011425959780621572","citing"
"0.0","0.0004570383912248629","cl"
"0.0","0.00011425959780621572","contemporary"
"0.0","0.00011425959780621572","topics"
"0.0","0.0005712979890310786","queries"
"0.0","0.0005712979890310786","speakers"
"0.0","0.0","claw"
"0.0","0.0","clite"
"0.0","0.0","closing"
"0.0","0.00022851919561243144","soas"
"0.0","0.0","closings"
"0.0","0.0","academic"
"0.0","0.0","depts"
"0.0","0.0","layoffs"
"0.0","0.0","san"
"0.0","0.0","diego"
"0.0","0.0004570383912248629","state"
"0.0","0.0","closure"
"0.0","0.0","famous"
"0.0","0.0","department"
"0.0","0.0","cmc"
"0.0","0.0","rhodes"
"0.0005120327700972862","0.00011425959780621572","technical"
"0.0","0.0","ircs"
"0.0","0.0","creolistics"
"0.0","0.0007998171846435101","coling"
"0.0","0.00011425959780621572","announcements"
"0.0","0.00022851919561243144","workshops"
"0.0","0.0","cfps"
"0.0","0.0","worshop"
"0.0","0.00034277879341864715","dependency"
"0.0","0.0009140767824497258","based"
"0.0","0.0005712979890310786","grammars"
"0.0","0.0","multi"
"0.0","0.0","lingual"
"0.0","0.00011425959780621572","multilingual"
"0.0005120327700972862","0.00011425959780621572","report"
"0.0005120327700972862","0.0006855575868372943","last"
"0.0","0.00022851919561243144","computerm"
"0.0","0.00022851919561243144","relations"
"0.0","0.00022851919561243144","markers"
"0.0","0.0","collective"
"0.0","0.0","agent"
"0.0","0.0","collocations"
"0.0","0.001256855575868373","french"
"0.0","0.0","rapide"
"0.0","0.0","colloque"
"0.0","0.0","plurilinguisme"
"0.0","0.0004570383912248629","et"
"0.0","0.00011425959780621572","enseignement"
"0.0","0.0","henry"
"0.0","0.0","sweet"
"0.0005120327700972862","0.0","come"
"0.0005120327700972862","0.0","sunshine"
"0.0","0.0","comp"
"0.0","0.0009140767824497258","general"
"0.0","0.00011425959780621572","illinois"
"0.0","0.0","shared"
"0.0005120327700972862","0.00022851919561243144","sound"
"0.0","0.0004570383912248629","ary"
"0.0","0.0004570383912248629","comparison"
"0.0","0.00011425959780621572","again"
"0.0","0.0","geoff"
"0.0","0.0","pullum"
"0.0","0.0009140767824497258","innateness"
"0.0","0.0011425959780621572","romance"
"0.0005120327700972862","0.0","group"
"0.0","0.0010283363802559415","slavic"
"0.0","0.00022851919561243144","morphosyntax"
"0.0","0.0","comparatives"
"0.0","0.00011425959780621572","complexity"
"0.0","0.00034277879341864715","compounds"
"0.0","0.0","pdp"
"0.0","0.0","computaional"
"0.0","0.00011425959780621572","thematic"
"0.0","0.00011425959780621572","sessions"
"0.0","0.00011425959780621572","phd"
"0.0","0.00034277879341864715","students"
"0.0","0.00022851919561243144","tutorials"
"0.0","0.0","altavista"
"0.0","0.0","refine"
"0.0","0.0","option"
"0.0","0.00022851919561243144","computationally"
"0.0","0.00034277879341864715","intensive"
"0.0","0.0005712979890310786","methods"
"0.0","0.0004570383912248629","quantitative"
"0.0","0.00022851919561243144","mediated"
"0.0","0.00011425959780621572","conversation"
"0.0","0.00011425959780621572","assisted"
"0.0005120327700972862","0.0","edition"
"0.0","0.0005712979890310786","computers"
"0.0","0.0","comutational"
"0.0","0.00022851919561243144","lacl"
"0.0","0.0","nancy"
"0.0","0.0","france"
"0.0","0.0","alasa"
"0.0","0.0","inaugural"
"0.0010240655401945725","0.00011425959780621572","k"
"0.0","0.0","mitxelena"
"0.0","0.0","ihardunaldiak"
"0.0","0.0","clin"
"0.0","0.0","melbourne"
"0.0","0.0","postgraduate"
"0.0","0.0","salsa"
"0.0005120327700972862","0.00022851919561243144","engineering"
"0.0","0.00011425959780621572","translating"
"0.0","0.0","film"
"0.0","0.0","maritime"
"0.0","0.0005712979890310786","lexicon"
"0.0","0.00011425959780621572","focus"
"0.0","0.00011425959780621572","tai"
"0.0","0.0","aisb"
"0.0","0.0","talc"
"0.0","0.0","feb"
"0.0","0.00011425959780621572","msu"
"0.0","0.00011425959780621572","moscow"
"0.0","0.0","leuven"
"0.0","0.0","listing"
"0.0","0.00011425959780621572","queensland"
"0.0","0.00011425959780621572","australia"
"0.0","0.0","catalan"
"0.0","0.00011425959780621572","section"
"0.0","0.0006855575868372943","imperialism"
"0.0","0.00011425959780621572","italian"
"0.0","0.00011425959780621572","teacher"
"0.0","0.0","advanced"
"0.0010240655401945725","0.0006855575868372943","technology"
"0.0","0.00022851919561243144","verb"
"0.0","0.00022851919561243144","mental"
"0.0","0.0","turkic"
"0.0","0.0","symp"
"0.0","0.0","math"
"0.0","0.0","conferrence"
"0.0005120327700972862","0.0","confidential"
"0.0005120327700972862","0.0","conformation"
"0.0","0.00034277879341864715","confs"
"0.0","0.0","ind"
"0.0","0.0","arian"
"0.0","0.00034277879341864715","indo"
"0.0","0.0","iranian"
"0.0","0.00034277879341864715","scil"
"0.0005120327700972862","0.0","conquer"
"0.0005120327700972862","0.0","thinning"
"0.0005120327700972862","0.0","hair"
"0.0005120327700972862","0.0","dandruff"
"0.0005120327700972862","0.0","problems"
"0.0005120327700972862","0.0","forever"
"0.0","0.00011425959780621572","consciousness"
"0.0","0.00022851919561243144","console"
"0.0005120327700972862","0.0","consolidate"
"0.0005120327700972862","0.0","debts"
"0.0010240655401945725","0.0","improvements"
"0.0","0.0","constraints"
"0.0","0.0","preferences"
"0.0","0.0","plm"
"0.0","0.0007998171846435101","first"
"0.0","0.00011425959780621572","contrastive"
"0.0","0.0010283363802559415","page"
"0.0","0.0","solicited"
"0.0","0.00011425959780621572","newsletter"
"0.0010240655401945725","0.0","control"
"0.0005120327700972862","0.0","creditline"
"0.0005120327700972862","0.0","deposit"
"0.0","0.0","conv"
"0.0","0.0","div"
"0.0","0.00011425959780621572","reading"
"0.0","0.00011425959780621572","convergence"
"0.0","0.00011425959780621572","divergence"
"0.0","0.00011425959780621572","statistical"
"0.0","0.0","corpuys"
"0.0","0.00011425959780621572","corrected"
"0.0","0.00011425959780621572","syllable"
"0.0010240655401945725","0.0","correspondence"
"0.0005120327700972862","0.0","friends"
"0.0","0.0","coswl"
"0.0005120327700972862","0.0","create"
"0.0005120327700972862","0.0","file"
"0.0005120327700972862","0.0","legally"
"0.0005120327700972862","0.00011425959780621572","creating"
"0.0","0.0004570383912248629","sense"
"0.0","0.0","realities"
"0.0005120327700972862","0.0","wealth"
"0.0010240655401945725","0.0","guaranteed"
"0.0","0.0","cssi"
"0.0","0.00011425959780621572","cognition"
"0.0","0.00011425959780621572","cultural"
"0.0","0.0","identities"
"0.0","0.00011425959780621572","currency"
"0.0","0.0004570383912248629","evolution"
"0.0","0.00022851919561243144","current"
"0.0","0.0","constraint"
"0.0","0.00011425959780621572","theories"
"0.0005120327700972862","0.0","cute"
"0.0005120327700972862","0.0","karen"
"0.0005120327700972862","0.0","gives"
"0.0005120327700972862","0.0","shocking"
"0.0","0.0","thereon"
"0.0","0.00011425959780621572","date"
"0.0","0.0","formats"
"0.0","0.00034277879341864715","analogy"
"0.0005120327700972862","0.0","dated"
"0.0005120327700972862","0.00011425959780621572","material"
"0.0005120327700972862","0.0","dave"
"0.0005120327700972862","0.0","dear"
"0.0005120327700972862","0.0","website"
"0.0005120327700972862","0.0","operator"
"0.0","0.0","december"
"0.0005120327700972862","0.0","defend"
"0.0005120327700972862","0.0","yourself"
"0.0005120327700972862","0.0","against"
"0.0005120327700972862","0.0","criminals"
"0.0","0.00011425959780621572","deixis"
"0.0","0.0","demonstration"
"0.0","0.0","deictic"
"0.0","0.0","belief"
"0.0005120327700972862","0.00011425959780621572","optical"
"0.0005120327700972862","0.0","plan"
"0.0","0.00022851919561243144","issues"
"0.0","0.00011425959780621572","corrections"
"0.0","0.0","reactions"
"0.0","0.0","reformatting"
"0.0","0.00022851919561243144","descriptive"
"0.0","0.0","deseret"
"0.0","0.0","desparately"
"0.0","0.00022851919561243144","seeking"
"0.0","0.00022851919561243144","developments"
"0.0","0.00034277879341864715","gls"
"0.0","0.0","summerschool"
"0.0","0.0","september"
"0.0","0.0","saarbruecken"
"0.0","0.0","dhumbadji"
"0.0","0.0","diachronic"
"0.0","0.0","synchronic"
"0.0","0.0004570383912248629","east"
"0.0","0.0","xv"
"0.0","0.0","diachrony"
"0.0","0.0","dialectal"
"0.0","0.00034277879341864715","variation"
"0.0","0.0","dialogues"
"0.0","0.0","bakhtin"
"0.0","0.0006855575868372943","dick"
"0.0","0.0006855575868372943","armey"
"0.0","0.0005712979890310786","slip"
"0.0","0.0","dictionaries"
"0.0","0.00011425959780621572","subcategorization"
"0.0","0.0","frames"
"0.0015360983102918587","0.0","right"
"0.0005120327700972862","0.0","calsvxtn"
"0.0005120327700972862","0.0","yet"
"0.0","0.0","analog"
"0.0","0.0","tape"
"0.0","0.00011425959780621572","recorders"
"0.0","0.0006855575868372943","working"
"0.0","0.00034277879341864715","paper"
"0.0005120327700972862","0.0","dirt"
"0.0005120327700972862","0.0","cheap"
"0.0005120327700972862","0.0","drives"
"0.0","0.0026279707495429614","disc"
"0.0","0.00011425959780621572","uk"
"0.0","0.00011425959780621572","schools"
"0.0","0.0","parameter"
"0.0","0.00022851919561243144","aspect"
"0.0","0.0004570383912248629","he"
"0.0","0.00034277879341864715","she"
"0.0","0.0","discontinuous"
"0.0","0.00011425959780621572","constituency"
"0.0","0.0011425959780621572","reference"
"0.0","0.0","delegates"
"0.0","0.00011425959780621572","seeing"
"0.0","0.00011425959780621572","barn"
"0.0","0.00011425959780621572","red"
"0.0","0.00022851919561243144","textbooks"
"0.0005120327700972862","0.0","discover"
"0.0","0.0","dislocations"
"0.0","0.0","distance"
"0.0005120327700972862","0.00034277879341864715","programs"
"0.0","0.00022851919561243144","distributing"
"0.0","0.00022851919561243144","accessing"
"0.0005120327700972862","0.0","orbit"
"0.0005120327700972862","0.0","cyberspace"
"0.0005120327700972862","0.0","miss"
"0.0005120327700972862","0.00011425959780621572","these"
"0.0005120327700972862","0.0","economical"
"0.0005120327700972862","0.0","hunting"
"0.0005120327700972862","0.0","enjoy"
"0.0005120327700972862","0.0","having"
"0.002560163850486431","0.0","his"
"0.002560163850486431","0.0","her"
"0.002560163850486431","0.0","background"
"0.0010240655401945725","0.00011425959780621572","like"
"0.0005120327700972862","0.0","saltwater"
"0.0005120327700972862","0.0","aquariums"
"0.0030721966205837174","0.00022851919561243144","need"
"0.0","0.0","document"
"0.0005120327700972862","0.0","design"
"0.0005120327700972862","0.0","domani"
"0.0","0.00011425959780621572","donnellan"
"0.0","0.00034277879341864715","double"
"0.0","0.0005712979890310786","negation"
"0.0","0.00011425959780621572","black"
"0.0005120327700972862","0.0","dr"
"0.0005120327700972862","0.0","tina"
"0.0005120327700972862","0.0","alster"
"0.0005120327700972862","0.0","cosmetic"
"0.0005120327700972862","0.0","laser"
"0.0005120327700972862","0.0","surgery"
"0.0005120327700972862","0.0","skinlaser"
"0.0","0.00011425959780621572","eacl"
"0.0","0.0007998171846435101","student"
"0.0","0.0007998171846435101","posting"
"0.0","0.00022851919561243144","early"
"0.0","0.0","cimql"
"0.0005120327700972862","0.0","every"
"0.0005120327700972862","0.0","rings"
"0.0","0.00022851919561243144","revised"
"0.0005120327700972862","0.00011425959780621572","young"
"0.0","0.00011425959780621572","researcher"
"0.0","0.0","ecml"
"0.0","0.00011425959780621572","tanlps"
"0.0","0.0","ecology"
"0.0","0.0","edt"
"0.0","0.00011425959780621572","effects"
"0.0","0.00034277879341864715","morphological"
"0.0","0.00034277879341864715","utrecht"
"0.0","0.00034277879341864715","univ"
"0.0","0.00022851919561243144","efl"
"0.0","0.00022851919561243144","israel"
"0.0","0.00022851919561243144","positions"
"0.0005120327700972862","0.0","electric"
"0.0005120327700972862","0.0","motors"
"0.0","0.00011425959780621572","informants"
"0.0","0.0","elsnet"
"0.0","0.0","w"
"0.0","0.0","dressler"
"0.0","0.00022851919561243144","be"
"0.0005120327700972862","0.0","goldmine"
"0.0","0.0","empathetic"
"0.0","0.0","encyclopedia"
"0.0","0.00011425959780621572","isolating"
"0.0","0.0","waseda"
"0.0","0.00011425959780621572","parser"
"0.0","0.0","tagger"
"0.0","0.0","epenthesis"
"0.0","0.0006855575868372943","rules"
"0.0","0.0","ernest"
"0.0","0.0","scatton"
"0.0","0.00022851919561243144","errors"
"0.0","0.00011425959780621572","escol"
"0.0","0.0006855575868372943","eskimo"
"0.0","0.0","scottish"
"0.0","0.0","ice"
"0.0","0.0007998171846435101","etc"
"0.0","0.00022851919561243144","esl"
"0.0","0.0","curriculum"
"0.0","0.0","children"
"0.0","0.0","cut"
"0.0","0.002513711151736746","their"
"0.0","0.0","insights"
"0.0","0.0","esrc"
"0.0","0.0","quota"
"0.0","0.0","awards"
"0.0","0.0","masters"
"0.0","0.0004570383912248629","esslli"
"0.0","0.0","probabilistic"
"0.0","0.0005712979890310786","logic"
"0.0","0.0","randomised"
"0.0","0.0","que"
"0.0","0.0","esther"
"0.0","0.00011425959780621572","torrego"
"0.0","0.00011425959780621572","dependencies"
"0.0","0.00011425959780621572","estuary"
"0.0","0.00011425959780621572","euralex"
"0.0","0.00011425959780621572","keynote"
"0.0","0.0","lectures"
"0.0005120327700972862","0.0","eureka"
"0.0","0.0","eurogp"
"0.0","0.0010283363802559415","speaker"
"0.0","0.0007998171846435101","intuitions"
"0.0","0.0","evolvable"
"0.0","0.0","hardware"
"0.0","0.0","gp"
"0.0","0.00011425959780621572","expletive"
"0.0","0.00011425959780621572","opacity"
"0.0010240655401945725","0.0","extra"
"0.0005120327700972862","0.0","ez"
"0.0010240655401945725","0.0","finance"
"0.0010240655401945725","0.0","fancy"
"0.0010240655401945725","0.0","flutter"
"0.0015360983102918587","0.0","here"
"0.0005120327700972862","0.0","tip"
"0.0005120327700972862","0.0","atip"
"0.0","0.0","farsi"
"0.0","0.0","persian"
"0.0","0.0","light"
"0.0","0.00011425959780621572","constructions"
"0.0","0.0","fasl"
"0.0005120327700972862","0.0","delivery"
"0.0","0.00011425959780621572","fellowship"
"0.0","0.00011425959780621572","applications"
"0.0","0.0006855575868372943","institute"
"0.0","0.0","feminine"
"0.0","0.0","feminist"
"0.0","0.00022851919561243144","fifth"
"0.0","0.00011425959780621572","graduate"
"0.0","0.0","romanic"
"0.0","0.00022851919561243144","penn"
"0.0","0.0004570383912248629","open"
"0.0","0.0004570383912248629","letter"
"0.0","0.0","annotation"
"0.0","0.0","voiceless"
"0.0","0.0","velar"
"0.0","0.0","fricative"
"0.0005120327700972862","0.0","finalists"
"0.0005120327700972862","0.0","announced"
"0.0015360983102918587","0.0","financial"
"0.0010240655401945725","0.0","freedom"
"0.0005120327700972862","0.0","while"
"0.0005120327700972862","0.0","sleeping"
"0.002560163850486431","0.00034277879341864715","what"
"0.0","0.0","finding"
"0.0","0.0","advice"
"0.0","0.00011425959780621572","israeli"
"0.0","0.0","five"
"0.0","0.0","lots"
"0.0005120327700972862","0.00011425959780621572","following"
"0.0","0.0","answers"
"0.0","0.0","my"
"0.0","0.005370201096892139","query"
"0.0","0.00011425959780621572","font"
"0.0","0.00034277879341864715","fonts"
"0.0010240655401945725","0.0","forbidden"
"0.004608294930875576","0.0","xxx"
"0.0","0.00034277879341864715","culture"
"0.0","0.00011425959780621572","ads"
"0.0","0.0","commercials"
"0.0","0.00011425959780621572","forensic"
"0.0","0.0","subscription"
"0.0","0.0004570383912248629","formal"
"0.0","0.00022851919561243144","ed"
"0.0","0.00011425959780621572","forwarded"
"0.0","0.0005712979890310786","ucla"
"0.0","0.0","temporary"
"0.0","0.0","fourth"
"0.0","0.0","mcwop"
"0.0","0.0","fracas"
"0.0","0.0","deliverables"
"0.0","0.0","franklin"
"0.0","0.0","clipper"
"0.0","0.0","franz"
"0.0","0.0","boas"
"0.002560163850486431","0.0","selling"
"0.0005120327700972862","0.0","author"
"0.0005120327700972862","0.0","robert"
"0.0005120327700972862","0.0","allen"
"0.0005120327700972862","0.0","copy"
"0.0010240655401945725","0.0","products"
"0.0005120327700972862","0.0","government"
"0.0005120327700972862","0.0","marketplace"
"0.0010240655401945725","0.0","enterprise"
"0.0010240655401945725","0.0","figures"
"0.0010240655401945725","0.0","months"
"0.0015360983102918587","0.0","mlm"
"0.0005120327700972862","0.0","mths"
"0.0005120327700972862","0.0","catalog"
"0.0030721966205837174","0.0","hot"
"0.0005120327700972862","0.0","password"
"0.0005120327700972862","0.0","services"
"0.0005120327700972862","0.0","shopping"
"0.0005120327700972862","0.0","sexxx"
"0.0010240655401945725","0.0","marketing"
"0.0005120327700972862","0.00011425959780621572","audio"
"0.0005120327700972862","0.0","promotional"
"0.0005120327700972862","0.0","quote"
"0.002048131080389145","0.0","save"
"0.0005120327700972862","0.0","term"
"0.0005120327700972862","0.0","stealth"
"0.0005120327700972862","0.0","fix"
"0.0","0.0","neologisms"
"0.0","0.0","grad"
"0.0","0.0","fresh"
"0.0","0.0","fieldwork"
"0.0005120327700972862","0.0","freshest"
"0.0010240655401945725","0.0","pro"
"0.0005120327700972862","0.0","newbie"
"0.0005120327700972862","0.0","fanny"
"0.0005120327700972862","0.0","recommending"
"0.0005120327700972862","0.0","nek"
"0.0","0.0","fsmnlp"
"0.0","0.00011425959780621572","grants"
"0.0","0.0","fulbright"
"0.0","0.0","disseminate"
"0.0010240655401945725","0.0007998171846435101","lists"
"0.0","0.0","paul"
"0.0","0.0","boersma"
"0.0","0.00022851919561243144","functions"
"0.0","0.00034277879341864715","fyi"
"0.0","0.0","umich"
"0.0","0.00011425959780621572","training"
"0.0005120327700972862","0.0","tools"
"0.0","0.0","cascadilla"
"0.0","0.00022851919561243144","g"
"0.0","0.0","ramstedt"
"0.0","0.0","biography"
"0.0","0.0","mulder"
"0.0","0.0","indirecte"
"0.0","0.0","en"
"0.0","0.0","directe"
"0.0","0.0","directieven"
"0.0","0.00022851919561243144","gala"
"0.0","0.0","gb"
"0.0","0.00022851919561243144","genderless"
"0.0","0.0","gene"
"0.0","0.0","flow"
"0.0","0.0","europeans"
"0.0","0.0004570383912248629","theoretical"
"0.0","0.0004570383912248629","oxford"
"0.0","0.00034277879341864715","sla"
"0.0","0.00022851919561243144","iv"
"0.0","0.00022851919561243144","classification"
"0.0","0.0","genie"
"0.0005120327700972862","0.0005712979890310786","update"
"0.0","0.00011425959780621572","gent"
"0.0","0.0","george"
"0.0","0.0","aditjondro"
"0.0","0.0","nova"
"0.0","0.0","scotia"
"0.0","0.0","noun"
"0.0","0.0","taxonomy"
"0.0","0.00011425959780621572","automatic"
"0.0","0.00022851919561243144","translator"
"0.0","0.0","modals"
"0.0","0.00022851919561243144","philology"
"0.0005120327700972862","0.0","stuffing"
"0.0005120327700972862","0.0","envelopes"
"0.0005120327700972862","0.0","ukjx"
"0.0005120327700972862","0.0","rid"
"0.002048131080389145","0.00011425959780621572","if"
"0.0005120327700972862","0.0","bills"
"0.0005120327700972862","0.0","under"
"0.0005120327700972862","0.0","monthly"
"0.0015360983102918587","0.0","bill"
"0.0005120327700972862","0.00011425959780621572","manager"
"0.0","0.0006855575868372943","glot"
"0.0","0.00011425959780621572","phonological"
"0.0","0.0","agreement"
"0.0","0.00034277879341864715","schedule"
"0.0","0.0","gmt"
"0.0005120327700972862","0.0","speed"
"0.0005120327700972862","0.0","racer"
"0.0","0.0","goettingen"
"0.0010240655401945725","0.00011425959780621572","going"
"0.0005120327700972862","0.0","good"
"0.0005120327700972862","0.0","luck"
"0.0","0.0","derived"
"0.0","0.0","notions"
"0.0","0.00022851919561243144","grammaticalization"
"0.0","0.0","granada"
"0.0005120327700972862","0.0","casino"
"0.0","0.0","grepping"
"0.0005120327700972862","0.0","guess"
"0.0005120327700972862","0.0","oqth"
"0.0","0.00011425959780621572","gurt"
"0.0","0.0","long"
"0.0","0.0","hansa"
"0.0","0.0","harold"
"0.0","0.0","orton"
"0.0","0.0","centenary"
"0.0","0.0","haskins"
"0.0","0.0","laboratories"
"0.0","0.0","wide"
"0.0005120327700972862","0.0","dream"
"0.0","0.0","head"
"0.0","0.0","driven"
"0.0","0.00022851919561243144","phrase"
"0.0","0.0004570383912248629","structure"
"0.002048131080389145","0.0","hello"
"0.0","0.00011425959780621572","stress"
"0.0","0.0","intro"
"0.0005120327700972862","0.0","send"
"0.0015360983102918587","0.0","hey"
"0.0005120327700972862","0.0","interested"
"0.0010240655401945725","0.0","some"
"0.0","0.0","desert"
"0.0","0.00022851919561243144","germany"
"0.0","0.00011425959780621572","hil"
"0.0","0.0","hilp"
"0.0","0.0","luso"
"0.0","0.0","literatures"
"0.0","0.0","praxis"
"0.0","0.0","ideas"
"0.0","0.00011425959780621572","phonetic"
"0.0","0.00011425959780621572","sciences"
"0.0","0.00022851919561243144","united"
"0.0","0.00011425959780621572","states"
"0.0","0.0","hokan"
"0.0","0.0","penutian"
"0.0","0.0","holding"
"0.0","0.0","managing"
"0.0","0.0","hand"
"0.0005120327700972862","0.0","mth"
"0.0","0.0","homophones"
"0.0","0.0","hong"
"0.0","0.0","kong"
"0.0","0.0","honored"
"0.0","0.0","hotel"
"0.0","0.0005712979890310786","nels"
"0.0005120327700972862","0.0","does"
"0.0010240655401945725","0.0","investigate"
"0.0","0.00011425959780621572","hpsg"
"0.0","0.0","slash"
"0.0005120327700972862","0.0","xxxnet"
"0.0005120327700972862","0.0","cx"
"0.0005120327700972862","0.0005712979890310786","non"
"0.0","0.00011425959780621572","disambiguation"
"0.0","0.0","computing"
"0.0","0.0","humor"
"0.0","0.0","huron"
"0.0","0.0","hwaet"
"0.0","0.00034277879341864715","old"
"0.0","0.0","hypermedia"
"0.0","0.0","den"
"0.0","0.0","geisteswissenschaften"
"0.0","0.00022851919561243144","teach"
"0.0","0.0","vedder"
"0.0","0.0","dunque"
"0.0","0.0","italia"
"0.0","0.0","ha"
"0.0","0.0","perso"
"0.0","0.00011425959780621572","il"
"0.0","0.0","suo"
"0.0","0.0","fascino"
"0.0005120327700972862","0.0","stand"
"0.0","0.0","iada"
"0.0","0.0","ial"
"0.0","0.0","perspective"
"0.0","0.0","ials"
"0.0","0.00022851919561243144","iatl"
"0.0","0.0","iawe"
"0.0005120327700972862","0.00011425959780621572","alert"
"0.0","0.0","iceis"
"0.0","0.00011425959780621572","icl"
"0.0","0.0","seoul"
"0.0","0.0","icla"
"0.0","0.0","icoll"
"0.0","0.00022851919561243144","icslp"
"0.0","0.0","due"
"0.0005120327700972862","0.00022851919561243144","may"
"0.0005120327700972862","0.0","idea"
"0.0","0.0","ie"
"0.0","0.0","iee"
"0.0","0.0","colloq"
"0.0","0.0","london"
"0.0","0.0","sharkey"
"0.0","0.0","mc"
"0.0005120327700972862","0.0","wealthy"
"0.0005120327700972862","0.0","ignore"
"0.0","0.0","igg"
"0.0","0.00011425959780621572","jornadas"
"0.0","0.00011425959780621572","linguistica"
"0.0","0.0","aborigen"
"0.0","0.0","ila"
"0.0005120327700972862","0.0","important"
"0.0005120327700972862","0.0","wound"
"0.0010240655401945725","0.0","income"
"0.0005120327700972862","0.0","tax"
"0.0005120327700972862","0.0","filing"
"0.0005120327700972862","0.0","refunds"
"0.0","0.0019424131627056673","opposites"
"0.0","0.0006855575868372943","part"
"0.0010240655401945725","0.0","incredible"
"0.0","0.0","indoeuropean"
"0.0","0.00034277879341864715","courses"
"0.0","0.0","listed"
"0.0","0.0","universities"
"0.0005120327700972862","0.0","office"
"0.0","0.0","wilhelm"
"0.0","0.0","von"
"0.0","0.0","timroth"
"0.0005120327700972862","0.0007998171846435101","request"
"0.0005120327700972862","0.0","infoseek"
"0.0010240655401945725","0.0","ultimate"
"0.0005120327700972862","0.0","features"
"0.0005120327700972862","0.0","same"
"0.0","0.0","inofficial"
"0.0005120327700972862","0.0","inquiry"
"0.0","0.0","slang"
"0.0","0.00011425959780621572","rock"
"0.0","0.0","directory"
"0.0","0.0","scholars"
"0.0","0.0","disintegration"
"0.0","0.0","industrial"
"0.0","0.0","automation"
"0.0","0.0","iia"
"0.0","0.00011425959780621572","interactions"
"0.0","0.0","virtual"
"0.0","0.0","worlds"
"0.0","0.0","intercultural"
"0.0","0.0","interim"
"0.0","0.0","anthropoid"
"0.0","0.0","ability"
"0.0","0.0004570383912248629","intern"
"0.0","0.00034277879341864715","sociology"
"0.0","0.00034277879341864715","ijsl"
"0.0","0.0","storytelling"
"0.0","0.0","ta"
"0.0","0.0","connecticut"
"0.0","0.00011425959780621572","accessible"
"0.0010240655401945725","0.00011425959780621572","top"
"0.0005120327700972862","0.0","earnings"
"0.0005120327700972862","0.0","investments"
"0.0005120327700972862","0.0","user"
"0.0005120327700972862","0.00011425959780621572","specialist"
"0.0005120327700972862","0.0","spy"
"0.0","0.0","internships"
"0.0","0.0","dialectologists"
"0.0","0.0","inversion"
"0.0005120327700972862","0.0","browser"
"0.0005120327700972862","0.00011425959780621572","invitation"
"0.0","0.0","austerlitz"
"0.0","0.0","unix"
"0.0","0.0","tex"
"0.0","0.0","americanist"
"0.0","0.0","symbols"
"0.0","0.0","isfc"
"0.0","0.0","item"
"0.0","0.0","congreso"
"0.0","0.0","argentino"
"0.0","0.0","hispanistas"
"0.0","0.0","firth"
"0.0","0.0","situation"
"0.0","0.0018281535648994515","japanese"
"0.0","0.00034277879341864715","thanks"
"0.0","0.0007998171846435101","korean"
"0.0","0.0","sec"
"0.0","0.0","acq"
"0.0","0.0","jeonju"
"0.0","0.0","chonju"
"0.0","0.00022851919561243144","korea"
"0.0","0.0","jireem"
"0.0","0.0","utxvms"
"0.0","0.0","cc"
"0.0","0.0","utexas"
"0.0","0.00011425959780621572","edu"
"0.0","0.0","kr"
"0.0","0.0","nl"
"0.0","0.0","austin"
"0.0","0.0","tx"
"0.0","0.0","utah"
"0.0","0.0","keio"
"0.0","0.00011425959780621572","indonesian"
"0.0","0.00011425959780621572","lexicography"
"0.0","0.0","delaware"
"0.0","0.0","informatique"
"0.0","0.0","montreal"
"0.0","0.0","assistant"
"0.0","0.0","seelangs"
"0.0","0.0","advert"
"0.0","0.0","rf"
"0.0","0.0","advertisment"
"0.0","0.0","lexicographers"
"0.0","0.0","academia"
"0.0","0.0","sinica"
"0.0","0.0","taiwan"
"0.0","0.0","sociolinguist"
"0.0","0.0","ohio"
"0.0","0.0","max"
"0.0","0.0","planck"
"0.0","0.0006855575868372943","psycholinguistics"
"0.0","0.0","india"
"0.0005120327700972862","0.0","offering"
"0.0","0.00011425959780621572","socio"
"0.0","0.0","openings"
"0.0","0.0","celex"
"0.0","0.0","netherlands"
"0.0","0.0","center"
"0.0","0.00011425959780621572","lexicographer"
"0.0","0.00011425959780621572","microsoft"
"0.0","0.00011425959780621572","st"
"0.0","0.0","louis"
"0.0","0.00011425959780621572","tesol"
"0.0","0.00011425959780621572","instructor"
"0.0","0.00011425959780621572","portuguese"
"0.0","0.00022851919561243144","langues"
"0.0","0.0","revue"
"0.0","0.0","january"
"0.0","0.00011425959780621572","june"
"0.0","0.0","textlinguistics"
"0.0","0.00022851919561243144","journees"
"0.0","0.0","judging"
"0.0","0.0","eisteddfodau"
"0.0","0.00011425959780621572","judgment"
"0.0","0.00011425959780621572","fatigue"
"0.0","0.0","stromswold"
"0.0","0.0","ross"
"0.0","0.0","tang"
"0.0","0.0","boyland"
"0.0","0.0","boolean"
"0.0005120327700972862","0.0","junk"
"0.0005120327700972862","0.0","christmas"
"0.0","0.0","polgardi"
"0.0","0.00022851919561243144","vowel"
"0.0","0.0","harmony"
"0.0","0.0","kansas"
"0.0","0.00011425959780621572","kant"
"0.0","0.0","kay"
"0.0","0.0","csl"
"0.0005120327700972862","0.0","keeps"
"0.0015360983102918587","0.0","online"
"0.0","0.0","kentucky"
"0.0","0.0","kitahara"
"0.0","0.0005712979890310786","bibliography"
"0.0","0.0","ickl"
"0.0","0.00022851919561243144","macintosh"
"0.0","0.0","kornfilt"
"0.0","0.0","turkish"
"0.0","0.0","koyra"
"0.0","0.0","chiini"
"0.0","0.0","songhay"
"0.0","0.00011425959780621572","west"
"0.0","0.0","elizabeth"
"0.0","0.0","grace"
"0.0","0.0","winkler"
"0.0","0.0","kroch"
"0.0","0.0","constant"
"0.0","0.0","hypothesis"
"0.0005120327700972862","0.00022851919561243144","all"
"0.0005120327700972862","0.0","needs"
"0.0005120327700972862","0.0","today"
"0.0","0.0","empathy"
"0.0","0.0","thematisation"
"0.0","0.0","dans"
"0.0","0.00011425959780621572","les"
"0.0","0.0","lab"
"0.0","0.0","labov"
"0.0","0.00034277879341864715","tense"
"0.0","0.00022851919561243144","logical"
"0.0","0.0","languaes"
"0.0","0.0","grammaire"
"0.0","0.0","modified"
"0.0","0.00022851919561243144","dates"
"0.0","0.0","interaction"
"0.0","0.0","breakdown"
"0.0","0.00011425959780621572","processes"
"0.0","0.0004570383912248629","gender"
"0.0","0.0","legislation"
"0.0","0.0","power"
"0.0","0.0004570383912248629","metaphor"
"0.0","0.0","metaphors"
"0.0","0.0","aaa"
"0.0","0.0","southwest"
"0.0","0.00034277879341864715","indian"
"0.0","0.0","migrants"
"0.0","0.00011425959780621572","planning"
"0.0","0.0","pedagogy"
"0.0","0.0","millenium"
"0.0","0.0","requirements"
"0.0","0.00034277879341864715","evaluation"
"0.0","0.00022851919561243144","languaging"
"0.0","0.00011425959780621572","across"
"0.0","0.0","lasso"
"0.0","0.00011425959780621572","wecol"
"0.0005120327700972862","0.0","chance"
"0.0","0.0","lat"
"0.0","0.0","amer"
"0.0","0.00034277879341864715","latex"
"0.0","0.0","latvian"
"0.0","0.00022851919561243144","ld"
"0.0","0.00011425959780621572","learn"
"0.0","0.0","quebec"
"0.0","0.0","city"
"0.0","0.0","styles"
"0.0","0.0","strategies"
"0.0","0.0","childhood"
"0.0","0.0","lectureship"
"0.0","0.0","leeds"
"0.0","0.0","temps"
"0.0","0.0","du"
"0.0","0.0","passe"
"0.0","0.0","francais"
"0.0","0.0","leur"
"0.0","0.0","semantic"
"0.0","0.0","tagging"
"0.0","0.00022851919561243144","capitalisation"
"0.0","0.00034277879341864715","lg"
"0.0005120327700972862","0.0","limited"
"0.0005120327700972862","0.0","reservation"
"0.0","0.0","nameserver"
"0.0","0.0","consortium"
"0.0","0.00011425959780621572","ldc"
"0.0","0.0","datasources"
"0.0","0.0","action"
"0.0","0.0","mdia"
"0.0","0.0","impact"
"0.0","0.0","eastern"
"0.0","0.00011425959780621572","britain"
"0.0","0.00034277879341864715","fiction"
"0.0005120327700972862","0.0","link"
"0.0010240655401945725","0.0","sweepstakes"
"0.0","0.0","taboo"
"0.0","0.00011425959780621572","version"
"0.0005120327700972862","0.0","sale"
"0.0005120327700972862","0.0","mega"
"0.0005120327700972862","0.0","worldwide"
"0.0","0.00011425959780621572","literary"
"0.0","0.0","llt"
"0.0","0.00022851919561243144","natural"
"0.0","0.00011425959780621572","looking"
"0.0","0.0","hans"
"0.0","0.0","heinrich"
"0.0","0.0","waengler"
"0.0","0.0","horn"
"0.0005120327700972862","0.0","love"
"0.0005120327700972862","0.0","profile"
"0.0005120327700972862","0.0","ysuolvpv"
"0.0","0.0","lp"
"0.0","0.0006855575868372943","lrec"
"0.0","0.0","event"
"0.0","0.0","resourcs"
"0.0","0.00011425959780621572","lx"
"0.0","0.00011425959780621572","parallel"
"0.0","0.0","concordancer"
"0.0","0.00022851919561243144","summit"
"0.0","0.0","vi"
"0.0","0.0","usable"
"0.0","0.00011425959780621572","classical"
"0.0010240655401945725","0.0","major"
"0.0","0.00022851919561243144","varieties"
"0.0005120327700972862","0.0","within"
"0.0","0.0","making"
"0.0","0.0","malay"
"0.0","0.0","malc"
"0.0","0.0","markedness"
"0.0010240655401945725","0.00011425959780621572","market"
"0.0005120327700972862","0.0","try"
"0.0","0.0","maryland"
"0.0","0.00011425959780621572","materials"
"0.0","0.0","luganda"
"0.0","0.00011425959780621572","maya"
"0.0","0.00011425959780621572","mayan"
"0.0","0.00034277879341864715","meaning"
"0.0","0.00022851919561243144","medieval"
"0.0","0.0","atlantic"
"0.0","0.0","provinces"
"0.0","0.00011425959780621572","metathesis"
"0.0005120327700972862","0.0","microsynergy"
"0.0","0.0","midamerica"
"0.0","0.0","mini"
"0.0","0.0","split"
"0.0","0.0","constituents"
"0.0","0.0","contex"
"0.0","0.0","diversity"
"0.0","0.0","standardisation"
"0.0005120327700972862","0.0","mistress"
"0.0005120327700972862","0.0","shaved"
"0.0005120327700972862","0.0","invites"
"0.0005120327700972862","0.0","fetish"
"0.0005120327700972862","0.0","party"
"0.0","0.00022851919561243144","division"
"0.0","0.0","modal"
"0.0","0.0004570383912248629","modern"
"0.0","0.00011425959780621572","mongolian"
"0.0","0.0","mazel"
"0.0","0.0","tov"
"0.0","0.0004570383912248629","subjects"
"0.0","0.0","morphophonemics"
"0.0010240655401945725","0.0","move"
"0.0005120327700972862","0.0","gates"
"0.0","0.0","slt"
"0.0","0.0005712979890310786","reminder"
"0.0","0.0","muc"
"0.0","0.0","rule"
"0.0","0.00011425959780621572","ocr"
"0.0","0.00022851919561243144","character"
"0.0","0.00011425959780621572","recognition"
"0.0","0.00011425959780621572","multilinguality"
"0.0","0.0","multiple"
"0.0","0.00011425959780621572","etymological"
"0.0","0.00011425959780621572","sources"
"0.0","0.0","domain"
"0.0","0.0","mutual"
"0.0","0.0","ground"
"0.0","0.0","public"
"0.0","0.0","binary"
"0.0","0.0","classifications"
"0.0","0.0","negative"
"0.0","0.0","concord"
"0.0","0.0","neurophysiology"
"0.0","0.00022851919561243144","titles"
"0.0","0.0","atomism"
"0.0","0.0","bantu"
"0.0","0.0","bolognesi"
"0.0","0.0","campidanian"
"0.0","0.0","sardinian"
"0.0","0.0","clinical"
"0.0","0.0","hittite"
"0.0","0.0005712979890310786","philosophy"
"0.0","0.0","production"
"0.0","0.002056672760511883","sociolinguistics"
"0.0","0.00011425959780621572","van"
"0.0","0.0","vijver"
"0.0","0.0","iambic"
"0.0","0.0005712979890310786","mitwpl"
"0.0","0.0004570383912248629","interface"
"0.0","0.0","instruction"
"0.0","0.00011425959780621572","network"
"0.0","0.0","basque"
"0.0","0.0","country"
"0.0","0.00011425959780621572","syntaxis"
"0.0","0.0","arcling"
"0.0","0.0","listserv"
"0.0005120327700972862","0.0","mailing"
"0.0","0.0","nynorsk"
"0.0","0.0","argument"
"0.0","0.00022851919561243144","perspectives"
"0.0","0.00034277879341864715","publications"
"0.0","0.00011425959780621572","title"
"0.0","0.0","reflections"
"0.0010240655401945725","0.0","savings"
"0.0005120327700972862","0.0","discovery"
"0.0","0.00011425959780621572","trends"
"0.0","0.0","variationist"
"0.0","0.0","attitudes"
"0.0","0.00022851919561243144","uci"
"0.0","0.00011425959780621572","dissertation"
"0.0","0.00011425959780621572","dissertations"
"0.0","0.00011425959780621572","ippe"
"0.0","0.00011425959780621572","nov"
"0.0","0.0","mar"
"0.0","0.0","nez"
"0.0","0.0","perce"
"0.0","0.00011425959780621572","nineteenth"
"0.0","0.00011425959780621572","roundtable"
"0.0","0.00022851919561243144","ia"
"0.0","0.0","tal"
"0.0","0.0","ai"
"0.0","0.00022851919561243144","misc"
"0.0","0.00011425959780621572","footnote"
"0.0","0.00034277879341864715","banning"
"0.0","0.00011425959780621572","accent"
"0.0","0.0","allowed"
"0.0005120327700972862","0.0","loan"
"0.0005120327700972862","0.0","consolidations"
"0.0005120327700972862","0.0","bull"
"0.0","0.0","nominal"
"0.0","0.00022851919561243144","decimal"
"0.0","0.00022851919561243144","counting"
"0.0005120327700972862","0.0","residents"
"0.0","0.00011425959780621572","nonreferential"
"0.0005120327700972862","0.00011425959780621572","subscribers"
"0.0","0.0","nsf"
"0.0","0.0","director"
"0.0","0.0","sber"
"0.0","0.00011425959780621572","number"
"0.0","0.0","invariance"
"0.0","0.0","nyankore"
"0.0","0.00011425959780621572","obituary"
"0.0","0.0","jochem"
"0.0","0.0","schindler"
"0.0","0.00011425959780621572","obligatory"
"0.0","0.00011425959780621572","clitic"
"0.0","0.00011425959780621572","doubling"
"0.0","0.0","odd"
"0.0","0.0","descriptions"
"0.0005120327700972862","0.0","closes"
"0.0005120327700972862","0.0","march"
"0.0","0.0","irish"
"0.0","0.0","expert"
"0.0","0.0","required"
"0.0","0.0","quick"
"0.0","0.0","library"
"0.0","0.0","catalogs"
"0.0005120327700972862","0.0","leads"
"0.0","0.0","separatism"
"0.0","0.0","versions"
"0.0","0.0","newspapers"
"0.0005120327700972862","0.0","will"
"0.0005120327700972862","0.0","retire"
"0.0005120327700972862","0.0","years"
"0.0","0.0","closed"
"0.0","0.0","optimal"
"0.0","0.00011425959780621572","humour"
"0.0","0.0","oulipo"
"0.0005120327700972862","0.0","latest"
"0.0005120327700972862","0.0","greatest"
"0.0005120327700972862","0.0","overworked"
"0.0005120327700972862","0.0","underpaid"
"0.0","0.0","pacling"
"0.0","0.0","palatal"
"0.0","0.0","palindromes"
"0.0005120327700972862","0.0","pardon"
"0.0005120327700972862","0.0","intrusion"
"0.0010240655401945725","0.0","but"
"0.002560163850486431","0.0","read"
"0.0","0.0","parsers"
"0.0","0.00034277879341864715","russian"
"0.0","0.0","preference"
"0.0","0.0","passives"
"0.0010240655401945725","0.0","pay"
"0.0","0.0","pdt"
"0.0005120327700972862","0.0","penpals"
"0.0005120327700972862","0.0","freinds"
"0.0","0.00011425959780621572","perceiving"
"0.0","0.00011425959780621572","performing"
"0.0","0.0","ph"
"0.0","0.0","studentships"
"0.0","0.00011425959780621572","philippine"
"0.0","0.0","nat"
"0.0","0.0","phoentics"
"0.0","0.0","goedemans"
"0.0","0.0","weightless"
"0.0","0.0","segments"
"0.0","0.0","phoneme"
"0.0","0.0","bigrams"
"0.0","0.00011425959780621572","phonemicity"
"0.0","0.0","intonational"
"0.0","0.00011425959780621572","identification"
"0.0","0.0","competition"
"0.0","0.00011425959780621572","eng"
"0.0","0.0","physics"
"0.0","0.0","dependent"
"0.0","0.0","independent"
"0.0","0.0","pkdd"
"0.0005120327700972862","0.0","wont"
"0.0005120327700972862","0.0","regret"
"0.0","0.00011425959780621572","poem"
"0.0","0.0","point"
"0.0","0.0","thailand"
"0.0","0.0","policies"
"0.0","0.0","politeness"
"0.0","0.0","hamada"
"0.0","0.0","dragon"
"0.0","0.0","hearing"
"0.0","0.0","possessives"
"0.0005120327700972862","0.0","possible"
"0.0010240655401945725","0.0","stock"
"0.0","0.0","postdoctoral"
"0.0","0.0","fellowships"
"0.0","0.0","postings"
"0.0","0.0","ppsn"
"0.0","0.0","pragmatic"
"0.0","0.0","checking"
"0.0","0.0","anaphor"
"0.0","0.0","roelofs"
"0.0","0.0","hoe"
"0.0","0.0","bedoel"
"0.0","0.0","je"
"0.0","0.0","conditional"
"0.0","0.0","scott"
"0.0","0.0","schwenter"
"0.0","0.0","precoling"
"0.0","0.00011425959780621572","jakobson"
"0.0005120327700972862","0.0","premium"
"0.0005120327700972862","0.0","content"
"0.0","0.00011425959780621572","prepositions"
"0.002560163850486431","0.0","princess"
"0.002048131080389145","0.0","diana"
"0.0005120327700972862","0.0","flash"
"0.0","0.0","probus"
"0.0","0.0","gasla"
"0.0005120327700972862","0.0","prodigious"
"0.0005120327700972862","0.0","nfl"
"0.0005120327700972862","0.0","picks"
"0.0","0.0","marburg"
"0.0","0.0","joint"
"0.0","0.0","categorial"
"0.0","0.0","brazil"
"0.0","0.00011425959780621572","modality"
"0.0","0.00034277879341864715","sle"
"0.0","0.00011425959780621572","prolamat"
"0.0005120327700972862","0.0","promote"
"0.0","0.0","proofread"
"0.0","0.0","proper"
"0.0","0.00011425959780621572","proposal"
"0.0005120327700972862","0.0","prosperous"
"0.0","0.0","prototypical"
"0.0","0.0","vso"
"0.0005120327700972862","0.0","psoriasis"
"0.0005120327700972862","0.0","clear"
"0.0","0.0","postdoc"
"0.0","0.0","pwpl"
"0.0","0.00022851919561243144","volume"
"0.0","0.0","plc"
"0.0","0.0018281535648994515","q"
"0.0","0.0","game"
"0.0","0.0","kings"
"0.0","0.0","sea"
"0.0","0.0","voyage"
"0.0","0.0","many"
"0.0","0.0","each"
"0.0","0.0","kind"
"0.0","0.0","fundamental"
"0.0","0.0","frequency"
"0.0","0.0009140767824497258","terms"
"0.0","0.0","incorporation"
"0.0","0.0","mandarin"
"0.0","0.0","influence"
"0.0","0.00034277879341864715","tone"
"0.0","0.0","pier"
"0.0","0.0","marco"
"0.0","0.0","bertinetto"
"0.0","0.00011425959780621572","frequencies"
"0.0","0.0","lancker"
"0.0","0.0","preprint"
"0.0","0.0","welsh"
"0.0","0.0","wordnet"
"0.0","0.002056672760511883","qs"
"0.0","0.0","ask"
"0.0","0.0","gogo"
"0.0","0.0","ideal"
"0.0","0.0","attitude"
"0.0","0.0","laryngeal"
"0.0","0.0","serrano"
"0.0","0.0","hualapai"
"0.0","0.00022851919561243144","syllabus"
"0.0","0.00011425959780621572","grasshopper"
"0.0","0.0","madam"
"0.0","0.0","chairwoman"
"0.0","0.0","after"
"0.0","0.0","causatives"
"0.0","0.00011425959780621572","single"
"0.0","0.00011425959780621572","mutation"
"0.0","0.0","classicalphilology"
"0.0","0.0","different"
"0.0","0.0","discourses"
"0.0","0.0","guide"
"0.0","0.0","hist"
"0.0","0.0","melcuk"
"0.0","0.0","melchuk"
"0.0","0.00011425959780621572","narrative"
"0.0","0.00022851919561243144","not"
"0.0","0.0","preserving"
"0.0","0.0","recordings"
"0.0","0.0","pseudo"
"0.0","0.0","explanations"
"0.0","0.0","sexist"
"0.0","0.00022851919561243144","example"
"0.0","0.00011425959780621572","sentences"
"0.0","0.0","standard"
"0.0","0.0","codes"
"0.0","0.0","status"
"0.0","0.0","stieber"
"0.0","0.0","law"
"0.0","0.0","tagalog"
"0.0","0.0","uninflected"
"0.0","0.0","tags"
"0.0","0.0","voicing"
"0.0","0.0","assimilation"
"0.0","0.0","vp"
"0.0","0.0004570383912248629","raising"
"0.0","0.0","interrogatives"
"0.0","0.0","aw"
"0.0","0.0","ay"
"0.0","0.0","alias"
"0.0","0.0","icelandic"
"0.0","0.0","physical"
"0.0","0.0","appearance"
"0.0","0.0","sumerian"
"0.0","0.00011425959780621572","initial"
"0.0","0.0","ccs"
"0.0","0.0","unpublished"
"0.0","0.0","manuscripts"
"0.0","0.0","prince"
"0.0","0.0","repetitions"
"0.0","0.0","norwegian"
"0.0","0.0","quichua"
"0.0","0.00011425959780621572","ranlp"
"0.0","0.0","vocabulary"
"0.0005120327700972862","0.00011425959780621572","distribution"
"0.0005120327700972862","0.0","year"
"0.0","0.0","maps"
"0.0","0.0","iaupe"
"0.0","0.00022851919561243144","concordance"
"0.0","0.00011425959780621572","remarks"
"0.0","0.00011425959780621572","typewriter"
"0.0","0.00022851919561243144","typological"
"0.0","0.0","political"
"0.0","0.0","correctness"
"0.0","0.0","genre"
"0.0","0.0","intuition"
"0.0","0.0","metaling"
"0.0","0.0","polarization"
"0.0","0.0","reviews"
"0.0","0.0","greenberg"
"0.0","0.0","sigh"
"0.0","0.0","haceks"
"0.0","0.00011425959780621572","walloon"
"0.0","0.00022851919561243144","uniformitarianism"
"0.0","0.0","roscoe"
"0.0","0.0004570383912248629","kinship"
"0.0","0.0","cree"
"0.0","0.00011425959780621572","guinea"
"0.0","0.0","karcevskij"
"0.0","0.00011425959780621572","gemination"
"0.0","0.0","latvia"
"0.0","0.0006855575868372943","references"
"0.0","0.00022851919561243144","progressive"
"0.0","0.0","varia"
"0.0","0.0","animals"
"0.0","0.00011425959780621572","syldavian"
"0.0","0.00011425959780621572","tutorial"
"0.0","0.0","mohawk"
"0.0","0.00011425959780621572","mel"
"0.0","0.00011425959780621572","cuk"
"0.0","0.0","nostratic"
"0.0","0.00011425959780621572","letting"
"0.0","0.00011425959780621572","analytic"
"0.0","0.00034277879341864715","synthetic"
"0.0","0.0","poetry"
"0.0","0.0","bannock"
"0.0","0.0","games"
"0.0","0.0","democratic"
"0.0","0.00022851919561243144","youthese"
"0.0","0.00034277879341864715","pig"
"0.0","0.00011425959780621572","vowels"
"0.0","0.0","pie"
"0.0005120327700972862","0.0","real"
"0.0","0.0","virus"
"0.0005120327700972862","0.0","saver"
"0.0","0.0","amharic"
"0.0","0.0","bengali"
"0.0","0.0","big"
"0.0","0.0","al"
"0.0005120327700972862","0.0","coupons"
"0.0005120327700972862","0.0","discounts"
"0.0","0.00011425959780621572","elvis"
"0.0010240655401945725","0.0","ems"
"0.0005120327700972862","0.0","simply"
"0.0","0.0","epia"
"0.0005120327700972862","0.0","phonesex"
"0.0","0.0","college"
"0.0","0.0","freshman"
"0.0","0.0","sophomore"
"0.0","0.0","level"
"0.0010240655401945725","0.0","never"
"0.0005120327700972862","0.0","forget"
"0.0","0.0","publication"
"0.0","0.0","original"
"0.0","0.0","karamojong"
"0.0","0.0","jie"
"0.0","0.0","portugal"
"0.0","0.0","identifying"
"0.0","0.0","ungrammatical"
"0.0","0.0","racist"
"0.0","0.0","plot"
"0.0","0.00022851919561243144","sapir"
"0.0","0.00022851919561243144","whorf"
"0.0005120327700972862","0.0","tell"
"0.0","0.0","struck"
"0.0","0.0","nomo"
"0.0","0.0","man"
"0.0","0.0","ter"
"0.0","0.0","meulen"
"0.0","0.0013711151736745886","toc"
"0.0010240655401945725","0.00011425959780621572","urgent"
"0.0010240655401945725","0.0","buy"
"0.0005120327700972862","0.0","recommendation"
"0.0005120327700972862","0.00011425959780621572","id"
"0.0005120327700972862","0.0","replacement"
"0.0005120327700972862","0.0","anywhere"
"0.0005120327700972862","0.0","theworld"
"0.0","0.0","rea"
"0.0005120327700972862","0.0","really"
"0.0005120327700972862","0.0","cool"
"0.0005120327700972862","0.0","videos"
"0.0","0.0","recommendations"
"0.0","0.0","set"
"0.0","0.0","reduplication"
"0.0","0.0","foreigner"
"0.0","0.0","talk"
"0.0","0.0","reduplicative"
"0.0","0.0","polarity"
"0.0","0.0","description"
"0.0","0.0","romanian"
"0.0","0.00011425959780621572","referencing"
"0.0","0.00011425959780621572","numbers"
"0.0","0.0","wordperfect"
"0.0","0.0","wp"
"0.0005120327700972862","0.0","refinancing"
"0.0005120327700972862","0.0","has"
"0.0015360983102918587","0.0","been"
"0.0005120327700972862","0.0","easy"
"0.0005120327700972862","0.0","regarding"
"0.0","0.00011425959780621572","relative"
"0.0","0.0","pronouns"
"0.0","0.0","pet"
"0.0","0.00011425959780621572","cont"
"0.0","0.0","agfl"
"0.0","0.00022851919561243144","relevance"
"0.0","0.0","provisional"
"0.0","0.0","iwcs"
"0.0","0.0","cvir"
"0.0","0.0","req"
"0.0","0.0","various"
"0.0","0.0","genres"
"0.0","0.0","soundex"
"0.0","0.0","fellows"
"0.0","0.0","cityu"
"0.0","0.0","hk"
"0.0","0.0","berlin"
"0.0","0.0","posts"
"0.0","0.00011425959780621572","media"
"0.0","0.00011425959780621572","studentship"
"0.0","0.0","performance"
"0.0","0.0","activities"
"0.0","0.0","professional"
"0.0","0.0","labels"
"0.0005120327700972862","0.0","resource"
"0.0","0.0","logics"
"0.0","0.0","afrikaans"
"0.0","0.0","response"
"0.0015360983102918587","0.0","asked"
"0.0","0.0","cook"
"0.0","0.0","scobbie"
"0.0","0.0","autosegmental"
"0.0","0.0","representation"
"0.0","0.0","watt"
"0.0005120327700972862","0.0","pgm"
"0.0005120327700972862","0.0","consumer"
"0.0005120327700972862","0.0","them"
"0.0","0.0","arboreal"
"0.0","0.0","windows"
"0.0","0.0","ostertag"
"0.0","0.0","perez"
"0.0","0.0","leroux"
"0.0","0.0","glass"
"0.0","0.00011425959780621572","risk"
"0.0","0.0","rmmla"
"0.0","0.0","romanizations"
"0.0","0.0","psychological"
"0.0","0.0","reality"
"0.0","0.0","lecturer"
"0.0","0.0","cornell"
"0.0","0.0","hattori"
"0.0","0.0","dies"
"0.0","0.0","salford"
"0.0","0.0","seminars"
"0.0","0.0","salk"
"0.0","0.0","insitute"
"0.0","0.0","salt"
"0.0","0.0","sampson"
"0.0","0.0","educating"
"0.0","0.0","eve"
"0.0005120327700972862","0.0","hundreds"
"0.0005120327700972862","0.0","restaurants"
"0.0005120327700972862","0.0","groceries"
"0.0005120327700972862","0.0","airlines"
"0.0005120327700972862","0.0","sci"
"0.0005120327700972862","0.0","fi"
"0.0005120327700972862","0.0","convention"
"0.0005120327700972862","0.0","scitech"
"0.0005120327700972862","0.0","scientific"
"0.0","0.0","consultant"
"0.0005120327700972862","0.0","credibility"
"0.0","0.0","searching"
"0.0005120327700972862","0.0","seasons"
"0.0005120327700972862","0.0","greetings"
"0.0005120327700972862","0.0","santa"
"0.0","0.0","ecdl"
"0.0","0.0","tsm"
"0.0","0.0","mitchell"
"0.0","0.0","myles"
"0.0005120327700972862","0.0","noveau"
"0.0005120327700972862","0.0","rich"
"0.0005120327700972862","0.0","travel"
"0.0005120327700972862","0.00011425959780621572","agents"
"0.0010240655401945725","0.0","seduce"
"0.0010240655401945725","0.0","instantly"
"0.0005120327700972862","0.0","doesn"
"0.0005120327700972862","0.0","interest"
"0.0","0.0","langacker"
"0.0","0.0","editor"
"0.0","0.0","sem"
"0.0","0.0","tocharian"
"0.0","0.0","saami"
"0.0","0.0","dominio"
"0.0","0.0","honcoop"
"0.0","0.0","dynamic"
"0.0","0.0","excursions"
"0.0","0.0","weak"
"0.0","0.0","islands"
"0.0","0.0","kiyoshi"
"0.0","0.0","ishikawa"
"0.0","0.00011425959780621572","semcom"
"0.0","0.0","webnet"
"0.0","0.0","conservation"
"0.0","0.0","circle"
"0.0","0.0","california"
"0.0","0.0","bias"
"0.0","0.0","epicenes"
"0.0","0.0","sexism"
"0.0","0.0","shanghaihua"
"0.0","0.0","shareware"
"0.0","0.0","shenandoah"
"0.0","0.0","silliness"
"0.0","0.0","silverman"
"0.0","0.0","simultaneous"
"0.0","0.0","postpositions"
"0.0","0.0","pashto"
"0.0","0.00011425959780621572","singapore"
"0.0","0.0","sinn"
"0.0","0.0","und"
"0.0","0.0","bedeutung"
"0.0","0.0","sintassi"
"0.0","0.0","comparata"
"0.0","0.0","dell"
"0.0","0.0","accordo"
"0.0","0.0","participiale"
"0.0","0.0","ramanzo"
"0.0","0.0","sixth"
"0.0","0.0","jk"
"0.0","0.0","sky"
"0.0","0.0","yearbook"
"0.0","0.0","finland"
"0.0005120327700972862","0.0","skytop"
"0.0005120327700972862","0.0","camera"
"0.0","0.0","paris"
"0.0","0.0","andrews"
"0.0","0.0","slow"
"0.0010240655401945725","0.0","promotion"
"0.0","0.0","ceases"
"0.0","0.0","cancels"
"0.0","0.0","harvey"
"0.0","0.0","sacks"
"0.0","0.0","socioling"
"0.0","0.0","vd"
"0.0","0.0","haagen"
"0.0","0.0","caught"
"0.0","0.0","norms"
"0.0","0.0","sociolinguistic"
"0.0","0.0","readers"
"0.0","0.0","developer"
"0.0","0.0","experimental"
"0.0","0.0","system"
"0.0","0.0","propositional"
"0.0005120327700972862","0.0","think"
"0.0005120327700972862","0.0","sorry"
"0.0005120327700972862","0.0","delay"
"0.0005120327700972862","0.0","fqtfsqvb"
"0.0","0.0","patterns"
"0.0","0.00011425959780621572","spontaneous"
"0.0","0.0","southeast"
"0.0","0.0","evaluator"
"0.0","0.00011425959780621572","speaking"
"0.0","0.0","silence"
"0.0","0.0","laine"
"0.0","0.0","berman"
"0.0","0.00011425959780621572","finite"
"0.0","0.0","jetai"
"0.0","0.0","eu"
"0.0","0.0","stream"
"0.0","0.0","specialization"
"0.0","0.0","specific"
"0.0","0.0","impairment"
"0.0","0.0","acts"
"0.0","0.00011425959780621572","dialogue"
"0.0","0.0","moves"
"0.0","0.0","nasalisation"
"0.0","0.00011425959780621572","sposs"
"0.0005120327700972862","0.0","stocks"
"0.0005120327700972862","0.0","paying"
"0.0005120327700972862","0.0","those"
"0.0005120327700972862","0.0","airline"
"0.0005120327700972862","0.0","fares"
"0.0005120327700972862","0.0","strengthen"
"0.0005120327700972862","0.0","marriage"
"0.0005120327700972862","0.0","relationship"
"0.0005120327700972862","0.0","strike"
"0.0","0.0","outs"
"0.0005120327700972862","0.0","when"
"0.0005120327700972862","0.0","iron"
"0.0","0.0","americas"
"0.0","0.0","organisation"
"0.0","0.0","europe"
"0.0","0.0","inst"
"0.0","0.0","studia"
"0.0","0.0","hungarian"
"0.0","0.0","stylistics"
"0.0","0.0","tranformational"
"0.0005120327700972862","0.0","subliminally"
"0.0010240655401945725","0.0","success"
"0.0","0.0","because"
"0.0","0.0","versus"
"0.0","0.0","ince"
"0.0","0.0","beaver"
"0.0","0.0","revisited"
"0.0","0.0","formerly"
"0.0","0.0","productive"
"0.0","0.0","process"
"0.0","0.0","banned"
"0.0","0.00022851919561243144","transcription"
"0.0","0.0","dets"
"0.0","0.0","ns"
"0.0","0.0","ee"
"0.0","0.0","sample"
"0.0","0.0","function"
"0.0","0.0","glosses"
"0.0","0.0","had"
"0.0","0.0","imperatives"
"0.0005120327700972862","0.00022851919561243144","sites"
"0.0","0.0","moo"
"0.0","0.0","until"
"0.0","0.0","portugese"
"0.0","0.0","quantification"
"0.0","0.0","recursos"
"0.0","0.0","para"
"0.0","0.0","el"
"0.0","0.0","espanol"
"0.0","0.0","ref"
"0.0","0.00011425959780621572","models"
"0.0005120327700972862","0.0","age"
"0.0","0.0","representing"
"0.0","0.0","retroflex"
"0.0","0.0","size"
"0.0","0.0","adjs"
"0.0","0.0","quantifiers"
"0.0","0.0","tongues"
"0.0","0.0","tenses"
"0.0","0.0","uptalk"
"0.0","0.00011425959780621572","urdu"
"0.0","0.0","pronominal"
"0.0","0.0","feature"
"0.0","0.0","differences"
"0.0","0.0","length"
"0.0","0.0","orthographies"
"0.0","0.00022851919561243144","animal"
"0.0","0.0","processors"
"0.0","0.0","pt"
"0.0","0.0","x"
"0.0","0.0","rays"
"0.0","0.0","acoustic"
"0.0","0.0","signals"
"0.0","0.0","master"
"0.0005120327700972862","0.0","sumiko"
"0.0","0.00011425959780621572","summ"
"0.0","0.0","concepts"
"0.0","0.0","unknown"
"0.0","0.0","bible"
"0.0","0.0","translations"
"0.0","0.0","adpositional"
"0.0","0.0","uses"
"0.0","0.0","eye"
"0.0","0.0","algonquian"
"0.0","0.0","homeland"
"0.0","0.0","borrowing"
"0.0","0.0","borrowings"
"0.0","0.0","replacements"
"0.0","0.0","ear"
"0.0","0.0","buccalization"
"0.0","0.0","doctoral"
"0.0","0.0","hebrew"
"0.0","0.0","creole"
"0.0","0.0","apres"
"0.0","0.0","ts"
"0.0","0.0","tsch"
"0.0","0.0","sibilant"
"0.0","0.0","shibilant"
"0.0","0.0","half"
"0.0","0.0","heavy"
"0.0","0.0","onsets"
"0.0","0.0","hindi"
"0.0","0.0","negated"
"0.0","0.0","exclamations"
"0.0","0.0","ambiguous"
"0.0","0.0","sequences"
"0.0","0.0","latins"
"0.0","0.0","polish"
"0.0","0.0","sri"
"0.0","0.0","lanka"
"0.0","0.0","taps"
"0.0","0.0","flaps"
"0.0","0.0","philosophical"
"0.0","0.0","textual"
"0.0","0.0","criticism"
"0.0","0.0","deletion"
"0.0","0.0","consonants"
"0.0","0.0","symbolism"
"0.0","0.00011425959780621572","whatever"
"0.0","0.00011425959780621572","happened"
"0.0","0.0","acknowledgments"
"0.0","0.0","justice"
"0.0","0.0","judges"
"0.0","0.0","juries"
"0.0","0.0","bubbler"
"0.0","0.0","refs"
"0.0","0.0","quaker"
"0.0","0.00011425959780621572","responses"
"0.0","0.00022851919561243144","tok"
"0.0","0.00011425959780621572","masta"
"0.0","0.0","ft"
"0.0","0.0","syllabi"
"0.0","0.00022851919561243144","third"
"0.0","0.00011425959780621572","biannual"
"0.0","0.0","internship"
"0.0","0.0","opportunities"
"0.0","0.0","persons"
"0.0","0.0","aphasia"
"0.0","0.0","study"
"0.0","0.0","swadesh"
"0.0","0.0","sycophants"
"0.0","0.0","gesture"
"0.0","0.0","timing"
"0.0","0.0","undergraduate"
"0.0","0.0","religion"
"0.0","0.0","rime"
"0.0","0.0","tables"
"0.0","0.0","spain"
"0.0","0.0","gradable"
"0.0","0.0","quer"
"0.0","0.00022851919561243144","mood"
"0.0","0.00011425959780621572","selection"
"0.0","0.0","julius"
"0.0","0.0","tue"
"0.0","0.00022851919561243144","table"
"0.0","0.00011425959780621572","contents"
"0.0","0.0","ronde"
"0.0","0.0","sur"
"0.0","0.0","langue"
"0.0","0.0","litterature"
"0.0","0.00011425959780621572","yiddish"
"0.0","0.00022851919561243144","tag"
"0.0","0.0","accommodations"
"0.0","0.0","tagged"
"0.0005120327700972862","0.0","take"
"0.0010240655401945725","0.0","trip"
"0.0005120327700972862","0.0","tami"
"0.0005120327700972862","0.0","was"
"0.0005120327700972862","0.0","yu"
"0.0","0.0","china"
"0.0005120327700972862","0.0","preview"
"0.0005120327700972862","0.0","teeth"
"0.0005120327700972862","0.0","bleaching"
"0.0005120327700972862","0.0","whitening"
"0.0","0.00011425959780621572","tei"
"0.0","0.0","telri"
"0.0","0.0","temp"
"0.0","0.00011425959780621572","tenure"
"0.0","0.0","venezuela"
"0.0","0.0","thai"
"0.0010240655401945725","0.0","thank"
"0.0005120327700972862","0.0","joining"
"0.0005120327700972862","0.0","continued"
"0.0005120327700972862","0.0","support"
"0.0","0.0","hole"
"0.0","0.0","pre"
"0.0","0.0","chomskyan"
"0.0","0.00022851919561243144","embodied"
"0.0","0.00022851919561243144","conversational"
"0.0","0.0","hacek"
"0.0005120327700972862","0.0","got"
"0.0005120327700972862","0.0","challenge"
"0.0","0.0","collected"
"0.0","0.0","bronislaw"
"0.0","0.0","pilsudski"
"0.0005120327700972862","0.0","hottest"
"0.0","0.00022851919561243144","wholes"
"0.0005120327700972862","0.0","inside"
"0.0005120327700972862","0.0","scoop"
"0.0005120327700972862","0.0","toolbox"
"0.0","0.0","lanuage"
"0.0","0.0","wayana"
"0.0","0.0","nations"
"0.0","0.0","lexicogrammar"
"0.0","0.0","lexis"
"0.0","0.0","merry"
"0.0","0.0","tongue"
"0.0005120327700972862","0.0","side"
"0.0","0.0","galicismos"
"0.0005120327700972862","0.0","valuable"
"0.0005120327700972862","0.0","experience"
"0.0","0.0","conventions"
"0.0005120327700972862","0.0","thief"
"0.0005120327700972862","0.0","proofing"
"0.0005120327700972862","0.0","car"
"0.0","0.0","thinking"
"0.0","0.0","diagrams"
"0.0","0.0","icsc"
"0.0","0.0","symposia"
"0.0005120327700972862","0.0","scary"
"0.0005120327700972862","0.0","gold"
"0.0005120327700972862","0.0","mine"
"0.0","0.0","threatened"
"0.0","0.0","sudan"
"0.0","0.0","map"
"0.0","0.0","procedings"
"0.0","0.0","adapted"
"0.0","0.0","ijglsa"
"0.0","0.0","jall"
"0.0","0.0","helen"
"0.0","0.0","dry"
"0.0","0.0","addition"
"0.0","0.0","pisin"
"0.0","0.0","tolkien"
"0.0","0.0","elvish"
"0.0","0.0","tolkienian"
"0.0005120327700972862","0.0","tommy"
"0.0005120327700972862","0.0","lee"
"0.0005120327700972862","0.0","heather"
"0.0005120327700972862","0.0","locklear"
"0.0005120327700972862","0.0","before"
"0.0005120327700972862","0.0","pamela"
"0.0005120327700972862","0.0","anderson"
"0.0","0.0","bibliographies"
"0.0005120327700972862","0.0","total"
"0.0","0.0","towards"
"0.0","0.0","culturally"
"0.0","0.0","situated"
"0.0","0.0","continuous"
"0.0","0.00011425959780621572","tree"
"0.0","0.0","adjoining"
"0.0","0.0","macros"
"0.0","0.0","tromsoe"
"0.0","0.0","vo"
"0.0","0.0","ov"
"0.0005120327700972862","0.0","troubling"
"0.0005120327700972862","0.0","let"
"0.0005120327700972862","0.0","brighten"
"0.0","0.0","turn"
"0.0","0.0","measurement"
"0.0","0.0","twlt"
"0.0","0.0","twente"
"0.0","0.0","summaries"
"0.0","0.0","typos"
"0.0","0.0","fromkin"
"0.0","0.0","rodman"
"0.0","0.0","textbook"
"0.0","0.0","ua"
"0.0","0.0","appeal"
"0.0","0.0","arief"
"0.0","0.0","budiman"
"0.0005120327700972862","0.0","uce"
"0.0005120327700972862","0.0","successful"
"0.0","0.0","dept"
"0.0","0.0","bulletin"
"0.0","0.0","tesl"
"0.0","0.00011425959780621572","gopher"
"0.0","0.00022851919561243144","understanding"
"0.0","0.00011425959780621572","universal"
"0.0","0.0","anthropology"
"0.0","0.0","universals"
"0.0005120327700972862","0.0","degree"
"0.0","0.0","alabama"
"0.0","0.0","durham"
"0.0","0.0","chair"
"0.0","0.0","carolina"
"0.0","0.00011425959780621572","allgemeine"
"0.0","0.00011425959780621572","sprachwissenschaft"
"0.0","0.0","updates"
"0.0","0.0","webpage"
"0.0","0.0","slrf"
"0.0","0.0","lehrstuhl"
"0.0","0.0","fuer"
"0.0","0.0","vacancy"
"0.0","0.0","iulc"
"0.0","0.0","usage"
"0.0","0.0","usc"
"0.0","0.0","ea"
"0.0","0.0","acquiring"
"0.0005120327700972862","0.0","carefully"
"0.0005120327700972862","0.0","viagra"
"0.0005120327700972862","0.0","hollander"
"0.0","0.0","vilem"
"0.0","0.0","mathesius"
"0.0","0.0","lecture"
"0.0","0.0","prague"
"0.0","0.0","vmc"
"0.0","0.0","wsh"
"0.0","0.0","voyeur"
"0.0","0.0","tons"
"0.0005120327700972862","0.0","product"
"0.0005120327700972862","0.0","assemblers"
"0.0005120327700972862","0.0","warning"
"0.0005120327700972862","0.0","wasteland"
"0.0005120327700972862","0.0","darker"
"0.0005120327700972862","0.0","desire"
"0.0","0.00022851919561243144","wccfl"
"0.0","0.0","predication"
"0.0","0.0","xiv"
"0.0005120327700972862","0.0","brighter"
"0.0005120327700972862","0.0","faster"
"0.0005120327700972862","0.0","than"
"0.0005120327700972862","0.0","ever"
"0.0005120327700972862","0.0","created"
"0.0005120327700972862","0.0","tried"
"0.0005120327700972862","0.0","calling"
"0.0005120327700972862","0.0","spider"
"0.0005120327700972862","0.0","webentrepreneurs"
"0.0005120327700972862","0.0","webmining"
"0.0","0.0","western"
"0.0005120327700972862","0.0","welcome"
"0.0005120327700972862","0.0","jokes"
"0.0005120327700972862","0.0","magazine"
"0.0005120327700972862","0.0","cn"
"0.0005120327700972862","0.0","lifeplan"
"0.0","0.0","speaks"
"0.0","0.0","linguistically"
"0.0005120327700972862","0.0","cruise"
"0.0005120327700972862","0.0","antigua"
"0.0005120327700972862","0.0","porsche"
"0.0005120327700972862","0.0","empower"
"0.0005120327700972862","0.0","users"
"0.0","0.0","wkshp"
"0.0","0.0","wml"
"0.0","0.0","wolfram"
"0.0","0.0","schilling"
"0.0","0.0","estes"
"0.0","0.0","northern"
"0.0","0.0","op"
"0.0","0.0","mass"
"0.0","0.0","workbook"
"0.0","0.0","annoncement"
"0.0","0.0","clitics"
"0.0","0.0","databases"
"0.0","0.0","space"
"0.0","0.0","dec"
"0.0","0.0","semi"
"0.0","0.0","heads"
"0.0","0.0","visual"
"0.0","0.0","representations"
"0.0","0.0","interpretations"
"0.0","0.00011425959780621572","conferences"
"0.0","0.0","ma"
"0.0005120327700972862","0.0","would"
"0.0005120327700972862","0.0","wow"
"0.0","0.0","wrong"
"0.0","0.0","lctl"
"0.0","0.0","path"
"0.0","0.0","unc"
"0.0","0.0","servers"
"0.0005120327700972862","0.0","xenical"
"0.0005120327700972862","0.0","fat"
"0.0005120327700972862","0.0","blocking"
"0.0005120327700972862","0.0","drug"
"0.0005120327700972862","0.0","approved"
"0.0005120327700972862","0.0","fda"
"0.0","0.0","xi"
"0.0","0.0","selim"
"0.0","0.0","xth"
"0.0","0.0","nordic"
"0.0005120327700972862","0.0","entertainment"
"0.0","0.0","yale"
"0.0005120327700972862","0.0","deserve"
"0.0005120327700972862","0.0","break"
"0.0005120327700972862","0.0","gotta"
"0.0010240655401945725","0.0","join"
"0.0005120327700972862","0.0","bancuri"
"0.0005120327700972862","0.0","kiddin"
"0.0005120327700972862","0.0","bet"
"0.0005120327700972862","0.0","source"
"0.0005120327700972862","0.0","invited"
"0.0","0.0","youth"
"0.0","0.0","gang"
"0.0","0.0","lipolalia"
"0.0","0.00011425959780621572","yuen"
"0.0","0.00011425959780621572","ren"
"0.0","0.0","chao"
"0.0","0.00011425959780621572","zellig"
"0.0","0.00011425959780621572","harris"
"0.0005120327700972862","0.0","zero"
"0.0005120327700972862","0.0","down"
